basket_id,item_id,item_name,category,quantity,basket_theme
B001,I001,Молоко 2.5%,Молочные продукты,2,breakfast_basic
B001,I006,Сыр гауда,Молочные продукты,1,breakfast_basic
B001,I007,Сливочное масло,Молочные продукты,1,breakfast_basic
B001,I015,Хлеб пшеничный,Хлеб,2,breakfast_basic
B001,I023,Яйца C1 10 шт,Бакалея,1,breakfast_basic
B001,I065,Бананы,Фрукты,2,breakfast_basic
B001,I084,Овсяные хлопья,Бакалея,1,breakfast_basic
B001,I115,Кофе молотый,Напитки,1,breakfast_basic
B002,I001,Молоко 2.5%,Молочные продукты,1,tea_sweets
B002,I005,Сметана 20%,Молочные продукты,1,tea_sweets
B002,I021,Круассаны,Хлеб,1,tea_sweets
B002,I042,Картофель,Овощи,1,tea_sweets
B002,I070,Клубника,Фрукты,1,tea_sweets
B002,I115,Кофе молотый,Напитки,1,tea_sweets
B002,I133,Печенье овсяное,Сладости,1,tea_sweets
B002,I134,Вафли,Сладости,1,tea_sweets
B002,I136,Джем клубничный,Сладости,2,tea_sweets
B003,I001,Молоко 2.5%,Молочные продукты,1,breakfast_basic
B003,I006,Сыр гауда,Молочные продукты,1,breakfast_basic
B003,I007,Сливочное масло,Молочные продукты,1,breakfast_basic
B003,I015,Хлеб пшеничный,Хлеб,1,breakfast_basic
B003,I023,Яйца C1 10 шт,Бакалея,2,breakfast_basic
B003,I115,Кофе молотый,Напитки,1,breakfast_basic
B004,I001,Молоко 2.5%,Молочные продукты,3,weekly_stock
B004,I005,Сметана 20%,Молочные продукты,1,weekly_stock
B004,I006,Сыр гауда,Молочные продукты,1,weekly_stock
B004,I015,Хлеб пшеничный,Хлеб,2,weekly_stock
B004,I023,Яйца C1 10 шт,Бакалея,1,weekly_stock
B004,I025,Куриное филе,Мясо и птица,1,weekly_stock
B004,I042,Картофель,Овощи,3,weekly_stock
B004,I044,Лук репчатый,Овощи,2,weekly_stock
B004,I051,Салат айсберг,Овощи,2,weekly_stock
B004,I052,Шпинат,Овощи,1,weekly_stock
B004,I057,Авокадо,Овощи,1,weekly_stock
B004,I059,Зеленый лук,Овощи,1,weekly_stock
B004,I064,Яблоки,Фрукты,1,weekly_stock
B004,I071,Голубика,Фрукты,1,weekly_stock
B004,I076,Рис длиннозерный,Бакалея,1,weekly_stock
B004,I119,Вода минеральная,Напитки,1,weekly_stock
B005,I036,Лосось филе,Рыба,1,fish_dinner
B005,I047,Огурцы,Овощи,1,fish_dinner
B005,I065,Бананы,Фрукты,2,fish_dinner
B005,I067,Лимоны,Фрукты,1,fish_dinner
B005,I076,Рис длиннозерный,Бакалея,1,fish_dinner
B005,I089,Оливковое масло,Бакалея,1,fish_dinner
B005,I109,Черный перец,Специи,1,fish_dinner
B005,I119,Вода минеральная,Напитки,6,fish_dinner
B006,I008,Сливки 10%,Молочные продукты,1,lasagna_pasta
B006,I009,Моцарелла,Молочные продукты,1,lasagna_pasta
B006,I010,Пармезан,Молочные продукты,1,lasagna_pasta
B006,I027,Фарш говяжий,Мясо и птица,1,lasagna_pasta
B006,I082,Макароны пенне,Бакалея,1,lasagna_pasta
B006,I096,Томатная паста,Соусы,1,lasagna_pasta
B006,I111,Итальянские травы,Специи,1,lasagna_pasta
B006,I120,Газированная вода,Напитки,4,lasagna_pasta
B006,I158,Бумажные полотенца,Дом,1,lasagna_pasta
B007,I001,Молоко 2.5%,Молочные продукты,1,salad_light
B007,I018,Лаваш,Хлеб,1,salad_light
B007,I039,Тунец консервированный,Рыба,1,salad_light
B007,I047,Огурцы,Овощи,2,salad_light
B007,I048,Перец болгарский,Овощи,1,salad_light
B007,I051,Салат айсберг,Овощи,2,salad_light
B007,I057,Авокадо,Овощи,1,salad_light
B007,I059,Зеленый лук,Овощи,1,salad_light
B007,I067,Лимоны,Фрукты,2,salad_light
B007,I098,Кукуруза консервированная,Консервы,1,salad_light
B007,I111,Итальянские травы,Специи,1,salad_light
B007,I117,Сок яблочный,Напитки,1,salad_light
B008,I036,Лосось филе,Рыба,1,fish_dinner
B008,I047,Огурцы,Овощи,2,fish_dinner
B008,I048,Перец болгарский,Овощи,1,fish_dinner
B008,I067,Лимоны,Фрукты,2,fish_dinner
B008,I076,Рис длиннозерный,Бакалея,1,fish_dinner
B008,I089,Оливковое масло,Бакалея,1,fish_dinner
B008,I102,Кетчуп,Соусы,1,fish_dinner
B008,I119,Вода минеральная,Напитки,6,fish_dinner
B009,I013,Йогурт греческий,Молочные продукты,1,healthy_breakfast
B009,I014,Молоко безлактозное,Молочные продукты,1,healthy_breakfast
B009,I065,Бананы,Фрукты,2,healthy_breakfast
B009,I069,Виноград,Фрукты,2,healthy_breakfast
B009,I071,Голубика,Фрукты,1,healthy_breakfast
B009,I084,Овсяные хлопья,Бакалея,1,healthy_breakfast
B009,I135,Мед,Сладости,1,healthy_breakfast
B009,I137,Орехи грецкие,Снэки,2,healthy_breakfast
B009,I143,Гранола,Завтраки,1,healthy_breakfast
B009,I156,Средство для посуды,Бытовая химия,1,healthy_breakfast
B010,I043,Морковь,Овощи,2,frozen_quick
B010,I046,Помидоры,Овощи,2,frozen_quick
B010,I057,Авокадо,Овощи,2,frozen_quick
B010,I065,Бананы,Фрукты,1,frozen_quick
B010,I102,Кетчуп,Соусы,1,frozen_quick
B010,I120,Газированная вода,Напитки,2,frozen_quick
B010,I124,Пельмени,Заморозка,1,frozen_quick
B010,I125,Вареники с картофелем,Заморозка,1,frozen_quick
B010,I158,Бумажные полотенца,Дом,1,frozen_quick
B011,I001,Молоко 2.5%,Молочные продукты,1,breakfast_basic
B011,I006,Сыр гауда,Молочные продукты,1,breakfast_basic
B011,I015,Хлеб пшеничный,Хлеб,2,breakfast_basic
B011,I023,Яйца C1 10 шт,Бакалея,1,breakfast_basic
B011,I047,Огурцы,Овощи,2,breakfast_basic
B011,I048,Перец болгарский,Овощи,2,breakfast_basic
B011,I058,Редис,Овощи,1,breakfast_basic
B011,I115,Кофе молотый,Напитки,1,breakfast_basic
B011,I159,Туалетная бумага,Дом,1,breakfast_basic
B012,I045,Чеснок,Овощи,1,veggie_stew
B012,I048,Перец болгарский,Овощи,2,veggie_stew
B012,I053,Шампиньоны,Овощи,2,veggie_stew
B012,I054,Кабачки,Овощи,1,veggie_stew
B012,I055,Баклажаны,Овощи,1,veggie_stew
B012,I079,Булгур,Бакалея,1,veggie_stew
B012,I089,Оливковое масло,Бакалея,1,veggie_stew
B012,I111,Итальянские травы,Специи,1,veggie_stew
B012,I158,Бумажные полотенца,Дом,1,veggie_stew
B013,I014,Молоко безлактозное,Молочные продукты,2,healthy_breakfast
B013,I064,Яблоки,Фрукты,1,healthy_breakfast
B013,I065,Бананы,Фрукты,2,healthy_breakfast
B013,I133,Печенье овсяное,Сладости,1,healthy_breakfast
B013,I135,Мед,Сладости,2,healthy_breakfast
B013,I143,Гранола,Завтраки,1,healthy_breakfast
B014,I065,Бананы,Фрукты,1,pets_home
B014,I115,Кофе молотый,Напитки,1,pets_home
B014,I155,Наполнитель для кошачьего туалета,Зоотовары,1,pets_home
B014,I156,Средство для посуды,Бытовая химия,1,pets_home
B014,I160,Пакеты для мусора,Дом,1,pets_home
B015,I013,Йогурт греческий,Молочные продукты,1,fitness_protein
B015,I057,Авокадо,Овощи,1,fitness_protein
B015,I084,Овсяные хлопья,Бакалея,1,fitness_protein
B015,I119,Вода минеральная,Напитки,2,fitness_protein
B015,I138,Миндаль,Снэки,1,fitness_protein
B015,I147,Сэндвич с курицей,Готовая еда,1,fitness_protein
B016,I017,Батон нарезной,Хлеб,2,veggie_stew
B016,I045,Чеснок,Овощи,1,veggie_stew
B016,I079,Булгур,Бакалея,1,veggie_stew
B016,I089,Оливковое масло,Бакалея,1,veggie_stew
B016,I104,Соевый соус,Соусы,1,veggie_stew
B016,I111,Итальянские травы,Специи,1,veggie_stew
B016,I143,Гранола,Завтраки,1,veggie_stew
B017,I006,Сыр гауда,Молочные продукты,1,sandwiches
B017,I011,Сыр творожный,Молочные продукты,1,sandwiches
B017,I015,Хлеб пшеничный,Хлеб,1,sandwiches
B017,I025,Куриное филе,Мясо и птица,1,sandwiches
B017,I034,Ветчина,Мясо и птица,1,sandwiches
B017,I043,Морковь,Овощи,3,sandwiches
B017,I046,Помидоры,Овощи,3,sandwiches
B017,I047,Огурцы,Овощи,1,sandwiches
B017,I051,Салат айсберг,Овощи,1,sandwiches
B017,I061,Петрушка,Овощи,1,sandwiches
B018,I006,Сыр гауда,Молочные продукты,1,burger_night
B018,I019,Булочки для бургеров,Хлеб,2,burger_night
B018,I032,Бекон,Мясо и птица,1,burger_night
B018,I046,Помидоры,Овощи,2,burger_night
B018,I047,Огурцы,Овощи,1,burger_night
B018,I051,Салат айсберг,Овощи,1,burger_night
B018,I052,Шпинат,Овощи,2,burger_night
B018,I102,Кетчуп,Соусы,1,burger_night
B018,I106,Горчица,Соусы,1,burger_night
B018,I115,Кофе молотый,Напитки,1,burger_night
B018,I119,Вода минеральная,Напитки,2,burger_night
B018,I129,Картофель фри замороженный,Заморозка,2,burger_night
B019,I025,Куриное филе,Мясо и птица,1,curry_dinner
B019,I045,Чеснок,Овощи,2,curry_dinner
B019,I056,Брокколи,Овощи,1,curry_dinner
B019,I063,Имбирь,Овощи,1,curry_dinner
B019,I067,Лимоны,Фрукты,1,curry_dinner
B019,I076,Рис длиннозерный,Бакалея,1,curry_dinner
B019,I090,Кокосовое молоко,Бакалея,1,curry_dinner
B020,I003,Йогурт натуральный,Молочные продукты,1,office_lunch
B020,I035,Котлеты куриные,Мясо и птица,1,office_lunch
B020,I044,Лук репчатый,Овощи,2,office_lunch
B020,I065,Бананы,Фрукты,2,office_lunch
B020,I071,Голубика,Фрукты,1,office_lunch
B020,I119,Вода минеральная,Напитки,2,office_lunch
B020,I132,Шоколад темный,Сладости,1,office_lunch
B020,I146,Салат цезарь готовый,Готовая еда,1,office_lunch
B020,I147,Сэндвич с курицей,Готовая еда,1,office_lunch
B020,I159,Туалетная бумага,Дом,1,office_lunch
B021,I001,Молоко 2.5%,Молочные продукты,2,baby_care
B021,I003,Йогурт натуральный,Молочные продукты,1,baby_care
B021,I004,Творог 5%,Молочные продукты,1,baby_care
B021,I064,Яблоки,Фрукты,2,baby_care
B021,I068,Груши,Фрукты,1,baby_care
B021,I133,Печенье овсяное,Сладости,1,baby_care
B021,I149,Детское пюре яблочное,Детские товары,1,baby_care
B021,I150,Детская каша,Детские товары,1,baby_care
B021,I151,Подгузники,Детские товары,2,baby_care
B021,I152,Влажные салфетки,Детские товары,1,baby_care
B021,I159,Туалетная бумага,Дом,1,baby_care
B022,I036,Лосось филе,Рыба,1,fish_dinner
B022,I047,Огурцы,Овощи,2,fish_dinner
B022,I052,Шпинат,Овощи,2,fish_dinner
B022,I065,Бананы,Фрукты,2,fish_dinner
B022,I109,Черный перец,Специи,1,fish_dinner
B022,I143,Гранола,Завтраки,1,fish_dinner
B022,I146,Салат цезарь готовый,Готовая еда,1,fish_dinner
B023,I010,Пармезан,Молочные продукты,1,pasta_italian
B023,I020,Багет,Хлеб,2,pasta_italian
B023,I023,Яйца C1 10 шт,Бакалея,1,pasta_italian
B023,I046,Помидоры,Овощи,1,pasta_italian
B023,I096,Томатная паста,Соусы,1,pasta_italian
B023,I101,Соус песто,Соусы,1,pasta_italian
B023,I111,Итальянские травы,Специи,1,pasta_italian
B023,I115,Кофе молотый,Напитки,1,pasta_italian
B024,I006,Сыр гауда,Молочные продукты,1,mexican_tacos
B024,I018,Лаваш,Хлеб,1,mexican_tacos
B024,I027,Фарш говяжий,Мясо и птица,1,mexican_tacos
B024,I046,Помидоры,Овощи,3,mexican_tacos
B024,I055,Баклажаны,Овощи,1,mexican_tacos
B024,I057,Авокадо,Овощи,1,mexican_tacos
B024,I062,Острый перец,Овощи,1,mexican_tacos
B024,I065,Бананы,Фрукты,2,mexican_tacos
B024,I071,Голубика,Фрукты,1,mexican_tacos
B024,I095,Какао порошок,Бакалея,1,mexican_tacos
B024,I098,Кукуруза консервированная,Консервы,1,mexican_tacos
B024,I107,Сальса,Соусы,1,mexican_tacos
B024,I138,Миндаль,Снэки,2,mexican_tacos
B025,I006,Сыр гауда,Молочные продукты,1,frozen_quick
B025,I023,Яйца C1 10 шт,Бакалея,1,frozen_quick
B025,I047,Огурцы,Овощи,3,frozen_quick
B025,I102,Кетчуп,Соусы,1,frozen_quick
B025,I120,Газированная вода,Напитки,6,frozen_quick
B025,I123,Мороженое ванильное,Заморозка,1,frozen_quick
B025,I124,Пельмени,Заморозка,1,frozen_quick
B025,I125,Вареники с картофелем,Заморозка,1,frozen_quick
B025,I126,Овощная смесь замороженная,Заморозка,1,frozen_quick
B025,I128,Пицца замороженная,Заморозка,2,frozen_quick
B026,I006,Сыр гауда,Молочные продукты,1,burger_night
B026,I019,Булочки для бургеров,Хлеб,2,burger_night
B026,I027,Фарш говяжий,Мясо и птица,1,burger_night
B026,I032,Бекон,Мясо и птица,1,burger_night
B026,I051,Салат айсберг,Овощи,1,burger_night
B026,I055,Баклажаны,Овощи,1,burger_night
B026,I060,Укроп,Овощи,2,burger_night
B026,I102,Кетчуп,Соусы,1,burger_night
B026,I106,Горчица,Соусы,1,burger_night
B027,I046,Помидоры,Овощи,1,veggie_stew
B027,I048,Перец болгарский,Овощи,2,veggie_stew
B027,I054,Кабачки,Овощи,2,veggie_stew
B027,I055,Баклажаны,Овощи,1,veggie_stew
B027,I079,Булгур,Бакалея,1,veggie_stew
B027,I089,Оливковое масло,Бакалея,1,veggie_stew
B027,I119,Вода минеральная,Напитки,3,veggie_stew
B027,I129,Картофель фри замороженный,Заморозка,1,veggie_stew
B028,I001,Молоко 2.5%,Молочные продукты,1,weekly_stock
B028,I006,Сыр гауда,Молочные продукты,1,weekly_stock
B028,I015,Хлеб пшеничный,Хлеб,2,weekly_stock
B028,I023,Яйца C1 10 шт,Бакалея,1,weekly_stock
B028,I025,Куриное филе,Мясо и птица,1,weekly_stock
B028,I044,Лук репчатый,Овощи,2,weekly_stock
B028,I078,Гречка,Бакалея,1,weekly_stock
B028,I088,Подсолнечное масло,Бакалея,1,weekly_stock
B028,I119,Вода минеральная,Напитки,3,weekly_stock
B029,I001,Молоко 2.5%,Молочные продукты,2,big_family_stock
B029,I017,Батон нарезной,Хлеб,1,big_family_stock
B029,I023,Яйца C1 10 шт,Бакалея,1,big_family_stock
B029,I026,Куриные бедра,Мясо и птица,1,big_family_stock
B029,I027,Фарш говяжий,Мясо и птица,1,big_family_stock
B029,I042,Картофель,Овощи,1,big_family_stock
B029,I061,Петрушка,Овощи,1,big_family_stock
B029,I065,Бананы,Фрукты,1,big_family_stock
B029,I078,Гречка,Бакалея,1,big_family_stock
B029,I082,Макароны пенне,Бакалея,1,big_family_stock
B029,I086,Сахар,Бакалея,1,big_family_stock
B029,I113,Чай черный,Напитки,1,big_family_stock
B029,I123,Мороженое ванильное,Заморозка,2,big_family_stock
B029,I158,Бумажные полотенца,Дом,1,big_family_stock
B029,I159,Туалетная бумага,Дом,1,big_family_stock
B030,I005,Сметана 20%,Молочные продукты,1,veggie_stew
B030,I045,Чеснок,Овощи,1,veggie_stew
B030,I046,Помидоры,Овощи,3,veggie_stew
B030,I053,Шампиньоны,Овощи,2,veggie_stew
B030,I079,Булгур,Бакалея,1,veggie_stew
B030,I089,Оливковое масло,Бакалея,1,veggie_stew
B030,I111,Итальянские травы,Специи,1,veggie_stew
B031,I026,Куриные бедра,Мясо и птица,1,bbq_picnic
B031,I029,Свинина для жарки,Мясо и птица,1,bbq_picnic
B031,I046,Помидоры,Овощи,1,bbq_picnic
B031,I047,Огурцы,Овощи,2,bbq_picnic
B031,I067,Лимоны,Фрукты,1,bbq_picnic
B031,I102,Кетчуп,Соусы,1,bbq_picnic
B031,I120,Газированная вода,Напитки,2,bbq_picnic
B031,I136,Джем клубничный,Сладости,1,bbq_picnic
B031,I139,Чипсы картофельные,Снэки,2,bbq_picnic
B031,I158,Бумажные полотенца,Дом,1,bbq_picnic
B031,I159,Туалетная бумага,Дом,1,bbq_picnic
B032,I006,Сыр гауда,Молочные продукты,1,sandwiches
B032,I011,Сыр творожный,Молочные продукты,1,sandwiches
B032,I015,Хлеб пшеничный,Хлеб,2,sandwiches
B032,I017,Батон нарезной,Хлеб,2,sandwiches
B032,I034,Ветчина,Мясо и птица,1,sandwiches
B032,I046,Помидоры,Овощи,3,sandwiches
B032,I047,Огурцы,Овощи,3,sandwiches
B032,I071,Голубика,Фрукты,1,sandwiches
B032,I113,Чай черный,Напитки,1,sandwiches
B032,I140,Сухарики,Снэки,1,sandwiches
B033,I023,Яйца C1 10 шт,Бакалея,1,baking_sweet
B033,I030,Говядина стейк,Мясо и птица,1,baking_sweet
B033,I052,Шпинат,Овощи,1,baking_sweet
B033,I067,Лимоны,Фрукты,2,baking_sweet
B033,I085,Мука пшеничная,Бакалея,1,baking_sweet
B033,I093,Разрыхлитель теста,Бакалея,1,baking_sweet
B033,I094,Ванильный сахар,Бакалея,1,baking_sweet
B033,I095,Какао порошок,Бакалея,1,baking_sweet
B033,I157,Порошок стиральный,Бытовая химия,1,baking_sweet
B034,I065,Бананы,Фрукты,2,party_snacks
B034,I120,Газированная вода,Напитки,4,party_snacks
B034,I121,Квас,Напитки,1,party_snacks
B034,I123,Мороженое ванильное,Заморозка,1,party_snacks
B034,I128,Пицца замороженная,Заморозка,1,party_snacks
B034,I131,Шоколад молочный,Сладости,1,party_snacks
B034,I139,Чипсы картофельные,Снэки,1,party_snacks
B034,I140,Сухарики,Снэки,2,party_snacks
B035,I045,Чеснок,Овощи,2,veggie_stew
B035,I046,Помидоры,Овощи,3,veggie_stew
B035,I052,Шпинат,Овощи,1,veggie_stew
B035,I053,Шампиньоны,Овощи,1,veggie_stew
B035,I054,Кабачки,Овощи,1,veggie_stew
B035,I055,Баклажаны,Овощи,2,veggie_stew
B035,I057,Авокадо,Овощи,1,veggie_stew
B035,I064,Яблоки,Фрукты,1,veggie_stew
B035,I065,Бананы,Фрукты,2,veggie_stew
B035,I079,Булгур,Бакалея,1,veggie_stew
B035,I111,Итальянские травы,Специи,1,veggie_stew
B035,I120,Газированная вода,Напитки,2,veggie_stew
B035,I156,Средство для посуды,Бытовая химия,1,veggie_stew
B036,I001,Молоко 2.5%,Молочные продукты,2,weekly_stock
B036,I006,Сыр гауда,Молочные продукты,1,weekly_stock
B036,I015,Хлеб пшеничный,Хлеб,2,weekly_stock
B036,I023,Яйца C1 10 шт,Бакалея,2,weekly_stock
B036,I025,Куриное филе,Мясо и птица,1,weekly_stock
B036,I042,Картофель,Овощи,3,weekly_stock
B036,I044,Лук репчатый,Овощи,1,weekly_stock
B036,I048,Перец болгарский,Овощи,1,weekly_stock
B036,I064,Яблоки,Фрукты,3,weekly_stock
B036,I071,Голубика,Фрукты,1,weekly_stock
B036,I076,Рис длиннозерный,Бакалея,1,weekly_stock
B036,I078,Гречка,Бакалея,1,weekly_stock
B036,I088,Подсолнечное масло,Бакалея,1,weekly_stock
B036,I117,Сок яблочный,Напитки,1,weekly_stock
B036,I119,Вода минеральная,Напитки,6,weekly_stock
B037,I006,Сыр гауда,Молочные продукты,1,party_snacks
B037,I117,Сок яблочный,Напитки,1,party_snacks
B037,I120,Газированная вода,Напитки,3,party_snacks
B037,I121,Квас,Напитки,1,party_snacks
B037,I123,Мороженое ванильное,Заморозка,2,party_snacks
B037,I131,Шоколад молочный,Сладости,1,party_snacks
B037,I139,Чипсы картофельные,Снэки,1,party_snacks
B037,I140,Сухарики,Снэки,1,party_snacks
B038,I001,Молоко 2.5%,Молочные продукты,2,tea_sweets
B038,I113,Чай черный,Напитки,1,tea_sweets
B038,I115,Кофе молотый,Напитки,1,tea_sweets
B038,I119,Вода минеральная,Напитки,6,tea_sweets
B038,I131,Шоколад молочный,Сладости,1,tea_sweets
B038,I133,Печенье овсяное,Сладости,1,tea_sweets
B038,I134,Вафли,Сладости,2,tea_sweets
B038,I136,Джем клубничный,Сладости,1,tea_sweets
B039,I006,Сыр гауда,Молочные продукты,1,fruit_snack
B039,I015,Хлеб пшеничный,Хлеб,1,fruit_snack
B039,I065,Бананы,Фрукты,2,fruit_snack
B039,I066,Апельсины,Фрукты,1,fruit_snack
B039,I069,Виноград,Фрукты,1,fruit_snack
B039,I119,Вода минеральная,Напитки,1,fruit_snack
B039,I137,Орехи грецкие,Снэки,1,fruit_snack
B040,I001,Молоко 2.5%,Молочные продукты,2,breakfast_basic
B040,I006,Сыр гауда,Молочные продукты,1,breakfast_basic
B040,I007,Сливочное масло,Молочные продукты,1,breakfast_basic
B040,I015,Хлеб пшеничный,Хлеб,2,breakfast_basic
B040,I023,Яйца C1 10 шт,Бакалея,1,breakfast_basic
B040,I065,Бананы,Фрукты,1,breakfast_basic
B040,I115,Кофе молотый,Напитки,1,breakfast_basic
B041,I008,Сливки 10%,Молочные продукты,1,lasagna_pasta
B041,I009,Моцарелла,Молочные продукты,1,lasagna_pasta
B041,I010,Пармезан,Молочные продукты,1,lasagna_pasta
B041,I027,Фарш говяжий,Мясо и птица,1,lasagna_pasta
B041,I053,Шампиньоны,Овощи,2,lasagna_pasta
B041,I082,Макароны пенне,Бакалея,1,lasagna_pasta
B041,I096,Томатная паста,Соусы,1,lasagna_pasta
B041,I111,Итальянские травы,Специи,1,lasagna_pasta
B042,I001,Молоко 2.5%,Молочные продукты,1,weekly_stock
B042,I015,Хлеб пшеничный,Хлеб,2,weekly_stock
B042,I023,Яйца C1 10 шт,Бакалея,1,weekly_stock
B042,I025,Куриное филе,Мясо и птица,1,weekly_stock
B042,I044,Лук репчатый,Овощи,1,weekly_stock
B042,I048,Перец болгарский,Овощи,1,weekly_stock
B042,I051,Салат айсберг,Овощи,1,weekly_stock
B042,I064,Яблоки,Фрукты,3,weekly_stock
B042,I069,Виноград,Фрукты,1,weekly_stock
B042,I070,Клубника,Фрукты,1,weekly_stock
B042,I071,Голубика,Фрукты,2,weekly_stock
B042,I076,Рис длиннозерный,Бакалея,1,weekly_stock
B042,I078,Гречка,Бакалея,1,weekly_stock
B042,I088,Подсолнечное масло,Бакалея,1,weekly_stock
B042,I133,Печенье овсяное,Сладости,2,weekly_stock
B042,I157,Порошок стиральный,Бытовая химия,1,weekly_stock
B042,I158,Бумажные полотенца,Дом,1,weekly_stock
B043,I120,Газированная вода,Напитки,3,frozen_quick
B043,I121,Квас,Напитки,4,frozen_quick
B043,I123,Мороженое ванильное,Заморозка,2,frozen_quick
B043,I124,Пельмени,Заморозка,2,frozen_quick
B043,I125,Вареники с картофелем,Заморозка,2,frozen_quick
B043,I156,Средство для посуды,Бытовая химия,1,frozen_quick
B044,I153,Корм для кошек,Зоотовары,1,pets_home
B044,I154,Корм для собак,Зоотовары,1,pets_home
B044,I155,Наполнитель для кошачьего туалета,Зоотовары,2,pets_home
B044,I156,Средство для посуды,Бытовая химия,1,pets_home
B044,I158,Бумажные полотенца,Дом,1,pets_home
B044,I160,Пакеты для мусора,Дом,1,pets_home
B045,I018,Лаваш,Хлеб,1,bbq_picnic
B045,I026,Куриные бедра,Мясо и птица,1,bbq_picnic
B045,I029,Свинина для жарки,Мясо и птица,1,bbq_picnic
B045,I031,Сосиски,Мясо и птица,1,bbq_picnic
B045,I047,Огурцы,Овощи,2,bbq_picnic
B045,I051,Салат айсберг,Овощи,1,bbq_picnic
B045,I102,Кетчуп,Соусы,1,bbq_picnic
B045,I129,Картофель фри замороженный,Заморозка,1,bbq_picnic
B045,I139,Чипсы картофельные,Снэки,2,bbq_picnic
B045,I158,Бумажные полотенца,Дом,1,bbq_picnic
B046,I013,Йогурт греческий,Молочные продукты,1,fitness_protein
B046,I025,Куриное филе,Мясо и птица,1,fitness_protein
B046,I052,Шпинат,Овощи,1,fitness_protein
B046,I056,Брокколи,Овощи,1,fitness_protein
B046,I057,Авокадо,Овощи,1,fitness_protein
B046,I059,Зеленый лук,Овощи,1,fitness_protein
B046,I080,Киноа,Бакалея,1,fitness_protein
B047,I001,Молоко 2.5%,Молочные продукты,2,pasta_italian
B047,I044,Лук репчатый,Овощи,3,pasta_italian
B047,I045,Чеснок,Овощи,1,pasta_italian
B047,I067,Лимоны,Фрукты,2,pasta_italian
B047,I081,Макароны спагетти,Бакалея,1,pasta_italian
B047,I089,Оливковое масло,Бакалея,1,pasta_italian
B047,I096,Томатная паста,Соусы,1,pasta_italian
B047,I111,Итальянские травы,Специи,1,pasta_italian
B047,I113,Чай черный,Напитки,1,pasta_italian
B048,I001,Молоко 2.5%,Молочные продукты,3,breakfast_basic
B048,I006,Сыр гауда,Молочные продукты,1,breakfast_basic
B048,I007,Сливочное масло,Молочные продукты,1,breakfast_basic
B048,I015,Хлеб пшеничный,Хлеб,1,breakfast_basic
B048,I029,Свинина для жарки,Мясо и птица,1,breakfast_basic
B048,I065,Бананы,Фрукты,1,breakfast_basic
B048,I084,Овсяные хлопья,Бакалея,1,breakfast_basic
B048,I115,Кофе молотый,Напитки,1,breakfast_basic
B049,I006,Сыр гауда,Молочные продукты,1,burger_night
B049,I019,Булочки для бургеров,Хлеб,2,burger_night
B049,I032,Бекон,Мясо и птица,1,burger_night
B049,I046,Помидоры,Овощи,1,burger_night
B049,I051,Салат айсберг,Овощи,2,burger_night
B049,I102,Кетчуп,Соусы,1,burger_night
B049,I106,Горчица,Соусы,1,burger_night
B049,I129,Картофель фри замороженный,Заморозка,1,burger_night
B050,I038,Креветки очищенные,Рыба,1,seafood_asian
B050,I045,Чеснок,Овощи,1,seafood_asian
B050,I056,Брокколи,Овощи,1,seafood_asian
B050,I059,Зеленый лук,Овощи,2,seafood_asian
B050,I062,Острый перец,Овощи,2,seafood_asian
B050,I063,Имбирь,Овощи,1,seafood_asian
B050,I104,Соевый соус,Соусы,1,seafood_asian
B050,I105,Соус терияки,Соусы,1,seafood_asian
B051,I047,Огурцы,Овощи,1,fish_dinner
B051,I052,Шпинат,Овощи,1,fish_dinner
B051,I067,Лимоны,Фрукты,1,fish_dinner
B051,I076,Рис длиннозерный,Бакалея,1,fish_dinner
B051,I089,Оливковое масло,Бакалея,1,fish_dinner
B051,I109,Черный перец,Специи,1,fish_dinner
B051,I119,Вода минеральная,Напитки,2,fish_dinner
B051,I154,Корм для собак,Зоотовары,1,fish_dinner
B052,I001,Молоко 2.5%,Молочные продукты,3,breakfast_basic
B052,I006,Сыр гауда,Молочные продукты,1,breakfast_basic
B052,I007,Сливочное масло,Молочные продукты,1,breakfast_basic
B052,I020,Багет,Хлеб,1,breakfast_basic
B052,I023,Яйца C1 10 шт,Бакалея,1,breakfast_basic
B052,I064,Яблоки,Фрукты,3,breakfast_basic
B052,I065,Бананы,Фрукты,2,breakfast_basic
B052,I084,Овсяные хлопья,Бакалея,1,breakfast_basic
B052,I115,Кофе молотый,Напитки,1,breakfast_basic
B052,I131,Шоколад молочный,Сладости,1,breakfast_basic
B053,I006,Сыр гауда,Молочные продукты,1,weekly_stock
B053,I015,Хлеб пшеничный,Хлеб,2,weekly_stock
B053,I023,Яйца C1 10 шт,Бакалея,2,weekly_stock
B053,I025,Куриное филе,Мясо и птица,1,weekly_stock
B053,I044,Лук репчатый,Овощи,1,weekly_stock
B053,I064,Яблоки,Фрукты,3,weekly_stock
B053,I076,Рис длиннозерный,Бакалея,1,weekly_stock
B053,I078,Гречка,Бакалея,1,weekly_stock
B053,I088,Подсолнечное масло,Бакалея,1,weekly_stock
B053,I159,Туалетная бумага,Дом,1,weekly_stock
B054,I001,Молоко 2.5%,Молочные продукты,2,weekly_stock
B054,I006,Сыр гауда,Молочные продукты,1,weekly_stock
B054,I015,Хлеб пшеничный,Хлеб,1,weekly_stock
B054,I023,Яйца C1 10 шт,Бакалея,2,weekly_stock
B054,I025,Куриное филе,Мясо и птица,1,weekly_stock
B054,I044,Лук репчатый,Овощи,2,weekly_stock
B054,I057,Авокадо,Овощи,1,weekly_stock
B054,I064,Яблоки,Фрукты,1,weekly_stock
B054,I069,Виноград,Фрукты,1,weekly_stock
B054,I076,Рис длиннозерный,Бакалея,1,weekly_stock
B054,I078,Гречка,Бакалея,1,weekly_stock
B054,I088,Подсолнечное масло,Бакалея,1,weekly_stock
B054,I119,Вода минеральная,Напитки,6,weekly_stock
B054,I157,Порошок стиральный,Бытовая химия,1,weekly_stock
B055,I005,Сметана 20%,Молочные продукты,1,borsch_soup
B055,I016,Хлеб ржаной,Хлеб,2,borsch_soup
B055,I030,Говядина стейк,Мясо и птица,1,borsch_soup
B055,I042,Картофель,Овощи,3,borsch_soup
B055,I043,Морковь,Овощи,1,borsch_soup
B055,I044,Лук репчатый,Овощи,3,borsch_soup
B055,I045,Чеснок,Овощи,1,borsch_soup
B055,I049,Капуста белокочанная,Овощи,2,borsch_soup
B055,I050,Свекла,Овощи,2,borsch_soup
B055,I051,Салат айсберг,Овощи,1,borsch_soup
B055,I060,Укроп,Овощи,1,borsch_soup
B055,I105,Соус терияки,Соусы,1,borsch_soup
B055,I160,Пакеты для мусора,Дом,1,borsch_soup
B056,I006,Сыр гауда,Молочные продукты,1,pasta_italian
B056,I010,Пармезан,Молочные продукты,1,pasta_italian
B056,I016,Хлеб ржаной,Хлеб,1,pasta_italian
B056,I020,Багет,Хлеб,2,pasta_italian
B056,I046,Помидоры,Овощи,1,pasta_italian
B056,I071,Голубика,Фрукты,1,pasta_italian
B056,I089,Оливковое масло,Бакалея,1,pasta_italian
B056,I096,Томатная паста,Соусы,1,pasta_italian
B056,I099,Горошек консервированный,Консервы,1,pasta_italian
B056,I101,Соус песто,Соусы,1,pasta_italian
B056,I111,Итальянские травы,Специи,1,pasta_italian
B057,I084,Овсяные хлопья,Бакалея,1,household_cleaning
B057,I152,Влажные салфетки,Детские товары,1,household_cleaning
B057,I157,Порошок стиральный,Бытовая химия,1,household_cleaning
B057,I158,Бумажные полотенца,Дом,1,household_cleaning
B057,I159,Туалетная бумага,Дом,2,household_cleaning
B057,I160,Пакеты для мусора,Дом,1,household_cleaning
B058,I001,Молоко 2.5%,Молочные продукты,1,baking_sweet
B058,I006,Сыр гауда,Молочные продукты,1,baking_sweet
B058,I023,Яйца C1 10 шт,Бакалея,1,baking_sweet
B058,I078,Гречка,Бакалея,1,baking_sweet
B058,I085,Мука пшеничная,Бакалея,1,baking_sweet
B058,I086,Сахар,Бакалея,1,baking_sweet
B058,I093,Разрыхлитель теста,Бакалея,1,baking_sweet
B058,I095,Какао порошок,Бакалея,1,baking_sweet
B058,I119,Вода минеральная,Напитки,6,baking_sweet
B059,I023,Яйца C1 10 шт,Бакалея,1,frozen_quick
B059,I042,Картофель,Овощи,1,frozen_quick
B059,I102,Кетчуп,Соусы,1,frozen_quick
B059,I123,Мороженое ванильное,Заморозка,1,frozen_quick
B059,I125,Вареники с картофелем,Заморозка,1,frozen_quick
B059,I126,Овощная смесь замороженная,Заморозка,1,frozen_quick
B059,I128,Пицца замороженная,Заморозка,1,frozen_quick
B060,I010,Пармезан,Молочные продукты,1,pasta_italian
B060,I020,Багет,Хлеб,1,pasta_italian
B060,I045,Чеснок,Овощи,2,pasta_italian
B060,I067,Лимоны,Фрукты,1,pasta_italian
B060,I081,Макароны спагетти,Бакалея,1,pasta_italian
B060,I086,Сахар,Бакалея,1,pasta_italian
B060,I089,Оливковое масло,Бакалея,1,pasta_italian
B060,I111,Итальянские травы,Специи,1,pasta_italian
B061,I051,Салат айсберг,Овощи,2,party_snacks
B061,I052,Шпинат,Овощи,2,party_snacks
B061,I053,Шампиньоны,Овощи,2,party_snacks
B061,I120,Газированная вода,Напитки,6,party_snacks
B061,I121,Квас,Напитки,6,party_snacks
B061,I123,Мороженое ванильное,Заморозка,2,party_snacks
B061,I128,Пицца замороженная,Заморозка,1,party_snacks
B061,I140,Сухарики,Снэки,1,party_snacks
B062,I005,Сметана 20%,Молочные продукты,1,burger_night
B062,I032,Бекон,Мясо и птица,1,burger_night
B062,I046,Помидоры,Овощи,1,burger_night
B062,I051,Салат айсберг,Овощи,1,burger_night
B062,I052,Шпинат,Овощи,2,burger_night
B062,I102,Кетчуп,Соусы,1,burger_night
B062,I106,Горчица,Соусы,1,burger_night
B062,I115,Кофе молотый,Напитки,1,burger_night
B063,I001,Молоко 2.5%,Молочные продукты,1,breakfast_basic
B063,I006,Сыр гауда,Молочные продукты,1,breakfast_basic
B063,I015,Хлеб пшеничный,Хлеб,1,breakfast_basic
B063,I023,Яйца C1 10 шт,Бакалея,2,breakfast_basic
B063,I065,Бананы,Фрукты,1,breakfast_basic
B063,I084,Овсяные хлопья,Бакалея,1,breakfast_basic
B063,I115,Кофе молотый,Напитки,1,breakfast_basic
B064,I036,Лосось филе,Рыба,1,fish_dinner
B064,I043,Морковь,Овощи,1,fish_dinner
B064,I044,Лук репчатый,Овощи,1,fish_dinner
B064,I047,Огурцы,Овощи,2,fish_dinner
B064,I052,Шпинат,Овощи,1,fish_dinner
B064,I067,Лимоны,Фрукты,1,fish_dinner
B064,I076,Рис длиннозерный,Бакалея,1,fish_dinner
B064,I089,Оливковое масло,Бакалея,1,fish_dinner
B064,I093,Разрыхлитель теста,Бакалея,1,fish_dinner
B064,I119,Вода минеральная,Напитки,1,fish_dinner
B065,I007,Сливочное масло,Молочные продукты,1,chicken_soup
B065,I042,Картофель,Овощи,1,chicken_soup
B065,I043,Морковь,Овощи,3,chicken_soup
B065,I044,Лук репчатый,Овощи,3,chicken_soup
B065,I061,Петрушка,Овощи,1,chicken_soup
B065,I064,Яблоки,Фрукты,3,chicken_soup
B065,I123,Мороженое ванильное,Заморозка,1,chicken_soup
B066,I045,Чеснок,Овощи,2,veggie_stew
B066,I046,Помидоры,Овощи,2,veggie_stew
B066,I048,Перец болгарский,Овощи,1,veggie_stew
B066,I051,Салат айсберг,Овощи,1,veggie_stew
B066,I053,Шампиньоны,Овощи,1,veggie_stew
B066,I054,Кабачки,Овощи,2,veggie_stew
B066,I055,Баклажаны,Овощи,1,veggie_stew
B066,I079,Булгур,Бакалея,1,veggie_stew
B066,I089,Оливковое масло,Бакалея,1,veggie_stew
B066,I111,Итальянские травы,Специи,1,veggie_stew
B066,I158,Бумажные полотенца,Дом,1,veggie_stew
B067,I006,Сыр гауда,Молочные продукты,1,mexican_tacos
B067,I018,Лаваш,Хлеб,1,mexican_tacos
B067,I027,Фарш говяжий,Мясо и птица,1,mexican_tacos
B067,I061,Петрушка,Овощи,2,mexican_tacos
B067,I064,Яблоки,Фрукты,1,mexican_tacos
B067,I097,Фасоль консервированная,Консервы,1,mexican_tacos
B067,I098,Кукуруза консервированная,Консервы,1,mexican_tacos
B067,I107,Сальса,Соусы,1,mexican_tacos
B067,I123,Мороженое ванильное,Заморозка,1,mexican_tacos
B067,I128,Пицца замороженная,Заморозка,1,mexican_tacos
B067,I158,Бумажные полотенца,Дом,1,mexican_tacos
B068,I010,Пармезан,Молочные продукты,1,pasta_italian
B068,I020,Багет,Хлеб,1,pasta_italian
B068,I045,Чеснок,Овощи,1,pasta_italian
B068,I046,Помидоры,Овощи,1,pasta_italian
B068,I053,Шампиньоны,Овощи,2,pasta_italian
B068,I081,Макароны спагетти,Бакалея,1,pasta_italian
B068,I089,Оливковое масло,Бакалея,1,pasta_italian
B068,I096,Томатная паста,Соусы,1,pasta_italian
B068,I101,Соус песто,Соусы,1,pasta_italian
B068,I111,Итальянские травы,Специи,1,pasta_italian
B069,I001,Молоко 2.5%,Молочные продукты,2,breakfast_basic
B069,I006,Сыр гауда,Молочные продукты,1,breakfast_basic
B069,I007,Сливочное масло,Молочные продукты,1,breakfast_basic
B069,I015,Хлеб пшеничный,Хлеб,2,breakfast_basic
B069,I023,Яйца C1 10 шт,Бакалея,1,breakfast_basic
B069,I065,Бананы,Фрукты,2,breakfast_basic
B069,I115,Кофе молотый,Напитки,1,breakfast_basic
B070,I093,Разрыхлитель теста,Бакалея,1,frozen_quick
B070,I102,Кетчуп,Соусы,1,frozen_quick
B070,I120,Газированная вода,Напитки,6,frozen_quick
B070,I123,Мороженое ванильное,Заморозка,1,frozen_quick
B070,I124,Пельмени,Заморозка,1,frozen_quick
B070,I125,Вареники с картофелем,Заморозка,2,frozen_quick
B070,I126,Овощная смесь замороженная,Заморозка,2,frozen_quick
B070,I128,Пицца замороженная,Заморозка,1,frozen_quick
B071,I001,Молоко 2.5%,Молочные продукты,3,baby_care
B071,I064,Яблоки,Фрукты,2,baby_care
B071,I065,Бананы,Фрукты,2,baby_care
B071,I068,Груши,Фрукты,1,baby_care
B071,I151,Подгузники,Детские товары,1,baby_care
B072,I006,Сыр гауда,Молочные продукты,1,mexican_tacos
B072,I018,Лаваш,Хлеб,1,mexican_tacos
B072,I023,Яйца C1 10 шт,Бакалея,2,mexican_tacos
B072,I035,Котлеты куриные,Мясо и птица,1,mexican_tacos
B072,I057,Авокадо,Овощи,1,mexican_tacos
B072,I059,Зеленый лук,Овощи,1,mexican_tacos
B072,I062,Острый перец,Овощи,2,mexican_tacos
B072,I097,Фасоль консервированная,Консервы,1,mexican_tacos
B072,I098,Кукуруза консервированная,Консервы,1,mexican_tacos
B072,I107,Сальса,Соусы,1,mexican_tacos
B072,I120,Газированная вода,Напитки,2,mexican_tacos
B073,I001,Молоко 2.5%,Молочные продукты,2,baking_sweet
B073,I007,Сливочное масло,Молочные продукты,1,baking_sweet
B073,I065,Бананы,Фрукты,1,baking_sweet
B073,I069,Виноград,Фрукты,1,baking_sweet
B073,I084,Овсяные хлопья,Бакалея,1,baking_sweet
B073,I086,Сахар,Бакалея,1,baking_sweet
B073,I092,Панировочные сухари,Бакалея,1,baking_sweet
B073,I094,Ванильный сахар,Бакалея,1,baking_sweet
B073,I095,Какао порошок,Бакалея,1,baking_sweet
B073,I115,Кофе молотый,Напитки,1,baking_sweet
B073,I132,Шоколад темный,Сладости,2,baking_sweet
B074,I025,Куриное филе,Мясо и птица,1,party_snacks
B074,I044,Лук репчатый,Овощи,2,party_snacks
B074,I059,Зеленый лук,Овощи,2,party_snacks
B074,I067,Лимоны,Фрукты,1,party_snacks
B074,I069,Виноград,Фрукты,1,party_snacks
B074,I120,Газированная вода,Напитки,3,party_snacks
B074,I123,Мороженое ванильное,Заморозка,1,party_snacks
B074,I128,Пицца замороженная,Заморозка,2,party_snacks
B074,I131,Шоколад молочный,Сладости,1,party_snacks
B074,I140,Сухарики,Снэки,1,party_snacks
B074,I147,Сэндвич с курицей,Готовая еда,1,party_snacks
B075,I001,Молоко 2.5%,Молочные продукты,3,kids_breakfast
B075,I065,Бананы,Фрукты,2,kids_breakfast
B075,I117,Сок яблочный,Напитки,1,kids_breakfast
B075,I142,Хлопья кукурузные,Завтраки,1,kids_breakfast
B075,I149,Детское пюре яблочное,Детские товары,1,kids_breakfast
B075,I150,Детская каша,Детские товары,1,kids_breakfast
B076,I039,Тунец консервированный,Рыба,1,salad_light
B076,I046,Помидоры,Овощи,1,salad_light
B076,I051,Салат айсберг,Овощи,1,salad_light
B076,I057,Авокадо,Овощи,1,salad_light
B076,I065,Бананы,Фрукты,1,salad_light
B076,I084,Овсяные хлопья,Бакалея,1,salad_light
B076,I089,Оливковое масло,Бакалея,1,salad_light
B076,I123,Мороженое ванильное,Заморозка,2,salad_light
B077,I023,Яйца C1 10 шт,Бакалея,1,russian_salads
B077,I043,Морковь,Овощи,2,russian_salads
B077,I060,Укроп,Овощи,2,russian_salads
B077,I099,Горошек консервированный,Консервы,1,russian_salads
B077,I103,Майонез,Соусы,1,russian_salads
B077,I115,Кофе молотый,Напитки,1,russian_salads
B078,I013,Йогурт греческий,Молочные продукты,1,fitness_protein
B078,I023,Яйца C1 10 шт,Бакалея,1,fitness_protein
B078,I025,Куриное филе,Мясо и птица,1,fitness_protein
B078,I047,Огурцы,Овощи,3,fitness_protein
B078,I052,Шпинат,Овощи,1,fitness_protein
B078,I056,Брокколи,Овощи,1,fitness_protein
B078,I057,Авокадо,Овощи,1,fitness_protein
B078,I070,Клубника,Фрукты,2,fitness_protein
B078,I080,Киноа,Бакалея,1,fitness_protein
B078,I113,Чай черный,Напитки,1,fitness_protein
B078,I119,Вода минеральная,Напитки,2,fitness_protein
B079,I044,Лук репчатый,Овощи,1,pets_home
B079,I064,Яблоки,Фрукты,2,pets_home
B079,I153,Корм для кошек,Зоотовары,1,pets_home
B079,I155,Наполнитель для кошачьего туалета,Зоотовары,2,pets_home
B079,I156,Средство для посуды,Бытовая химия,1,pets_home
B079,I158,Бумажные полотенца,Дом,1,pets_home
B080,I047,Огурцы,Овощи,3,salad_light
B080,I048,Перец болгарский,Овощи,2,salad_light
B080,I051,Салат айсберг,Овощи,1,salad_light
B080,I057,Авокадо,Овощи,2,salad_light
B080,I067,Лимоны,Фрукты,1,salad_light
B080,I098,Кукуруза консервированная,Консервы,1,salad_light
B080,I131,Шоколад молочный,Сладости,1,salad_light
B080,I159,Туалетная бумага,Дом,1,salad_light
B081,I001,Молоко 2.5%,Молочные продукты,3,fitness_protein
B081,I013,Йогурт греческий,Молочные продукты,1,fitness_protein
B081,I025,Куриное филе,Мясо и птица,1,fitness_protein
B081,I052,Шпинат,Овощи,1,fitness_protein
B081,I056,Брокколи,Овощи,1,fitness_protein
B081,I057,Авокадо,Овощи,1,fitness_protein
B081,I080,Киноа,Бакалея,1,fitness_protein
B081,I119,Вода минеральная,Напитки,3,fitness_protein
B081,I138,Миндаль,Снэки,2,fitness_protein
B081,I158,Бумажные полотенца,Дом,1,fitness_protein
B082,I036,Лосось филе,Рыба,1,fish_dinner
B082,I046,Помидоры,Овощи,1,fish_dinner
B082,I047,Огурцы,Овощи,2,fish_dinner
B082,I048,Перец болгарский,Овощи,1,fish_dinner
B082,I052,Шпинат,Овощи,1,fish_dinner
B082,I065,Бананы,Фрукты,2,fish_dinner
B082,I067,Лимоны,Фрукты,1,fish_dinner
B082,I076,Рис длиннозерный,Бакалея,1,fish_dinner
B082,I089,Оливковое масло,Бакалея,1,fish_dinner
B082,I109,Черный перец,Специи,1,fish_dinner
B082,I119,Вода минеральная,Напитки,2,fish_dinner
B082,I159,Туалетная бумага,Дом,1,fish_dinner
B083,I008,Сливки 10%,Молочные продукты,1,lasagna_pasta
B083,I009,Моцарелла,Молочные продукты,1,lasagna_pasta
B083,I017,Батон нарезной,Хлеб,2,lasagna_pasta
B083,I027,Фарш говяжий,Мясо и птица,1,lasagna_pasta
B083,I051,Салат айсберг,Овощи,1,lasagna_pasta
B083,I053,Шампиньоны,Овощи,2,lasagna_pasta
B083,I064,Яблоки,Фрукты,1,lasagna_pasta
B083,I096,Томатная паста,Соусы,1,lasagna_pasta
B083,I113,Чай черный,Напитки,1,lasagna_pasta
B083,I156,Средство для посуды,Бытовая химия,1,lasagna_pasta
B084,I015,Хлеб пшеничный,Хлеб,1,big_family_stock
B084,I017,Батон нарезной,Хлеб,2,big_family_stock
B084,I023,Яйца C1 10 шт,Бакалея,1,big_family_stock
B084,I026,Куриные бедра,Мясо и птица,1,big_family_stock
B084,I027,Фарш говяжий,Мясо и птица,1,big_family_stock
B084,I042,Картофель,Овощи,2,big_family_stock
B084,I048,Перец болгарский,Овощи,2,big_family_stock
B084,I078,Гречка,Бакалея,1,big_family_stock
B084,I086,Сахар,Бакалея,1,big_family_stock
B084,I096,Томатная паста,Соусы,1,big_family_stock
B084,I113,Чай черный,Напитки,1,big_family_stock
B084,I158,Бумажные полотенца,Дом,1,big_family_stock
B085,I006,Сыр гауда,Молочные продукты,1,veggie_stew
B085,I042,Картофель,Овощи,2,veggie_stew
B085,I045,Чеснок,Овощи,1,veggie_stew
B085,I046,Помидоры,Овощи,2,veggie_stew
B085,I048,Перец болгарский,Овощи,1,veggie_stew
B085,I052,Шпинат,Овощи,1,veggie_stew
B085,I053,Шампиньоны,Овощи,2,veggie_stew
B085,I054,Кабачки,Овощи,1,veggie_stew
B085,I055,Баклажаны,Овощи,1,veggie_stew
B085,I089,Оливковое масло,Бакалея,1,veggie_stew
B085,I111,Итальянские травы,Специи,1,veggie_stew
B086,I053,Шампиньоны,Овощи,1,office_lunch
B086,I060,Укроп,Овощи,1,office_lunch
B086,I061,Петрушка,Овощи,1,office_lunch
B086,I065,Бананы,Фрукты,3,office_lunch
B086,I113,Чай черный,Напитки,1,office_lunch
B086,I119,Вода минеральная,Напитки,3,office_lunch
B086,I132,Шоколад темный,Сладости,1,office_lunch
B086,I147,Сэндвич с курицей,Готовая еда,1,office_lunch
B087,I013,Йогурт греческий,Молочные продукты,1,healthy_breakfast
B087,I065,Бананы,Фрукты,2,healthy_breakfast
B087,I084,Овсяные хлопья,Бакалея,1,healthy_breakfast
B087,I135,Мед,Сладости,2,healthy_breakfast
B087,I137,Орехи грецкие,Снэки,2,healthy_breakfast
B087,I143,Гранола,Завтраки,1,healthy_breakfast
B088,I154,Корм для собак,Зоотовары,1,pets_home
B088,I155,Наполнитель для кошачьего туалета,Зоотовары,1,pets_home
B088,I156,Средство для посуды,Бытовая химия,1,pets_home
B088,I158,Бумажные полотенца,Дом,1,pets_home
B088,I160,Пакеты для мусора,Дом,1,pets_home
B089,I009,Моцарелла,Молочные продукты,1,bbq_picnic
B089,I018,Лаваш,Хлеб,1,bbq_picnic
B089,I026,Куриные бедра,Мясо и птица,1,bbq_picnic
B089,I029,Свинина для жарки,Мясо и птица,1,bbq_picnic
B089,I044,Лук репчатый,Овощи,3,bbq_picnic
B089,I046,Помидоры,Овощи,1,bbq_picnic
B089,I047,Огурцы,Овощи,2,bbq_picnic
B089,I053,Шампиньоны,Овощи,1,bbq_picnic
B089,I057,Авокадо,Овощи,2,bbq_picnic
B089,I064,Яблоки,Фрукты,3,bbq_picnic
B089,I102,Кетчуп,Соусы,1,bbq_picnic
B089,I120,Газированная вода,Напитки,2,bbq_picnic
B089,I139,Чипсы картофельные,Снэки,1,bbq_picnic
B089,I158,Бумажные полотенца,Дом,1,bbq_picnic
B090,I016,Хлеб ржаной,Хлеб,2,sushi_home
B090,I036,Лосось филе,Рыба,1,sushi_home
B090,I041,Крабовые палочки,Рыба,1,sushi_home
B090,I063,Имбирь,Овощи,2,sushi_home
B090,I077,Рис для суши,Бакалея,1,sushi_home
B090,I091,Нори,Бакалея,1,sushi_home
B090,I104,Соевый соус,Соусы,1,sushi_home
B090,I152,Влажные салфетки,Детские товары,1,sushi_home
B091,I005,Сметана 20%,Молочные продукты,1,pasta_italian
B091,I010,Пармезан,Молочные продукты,1,pasta_italian
B091,I020,Багет,Хлеб,1,pasta_italian
B091,I042,Картофель,Овощи,2,pasta_italian
B091,I045,Чеснок,Овощи,1,pasta_italian
B091,I046,Помидоры,Овощи,2,pasta_italian
B091,I048,Перец болгарский,Овощи,1,pasta_italian
B091,I081,Макароны спагетти,Бакалея,1,pasta_italian
B091,I089,Оливковое масло,Бакалея,1,pasta_italian
B091,I096,Томатная паста,Соусы,1,pasta_italian
B091,I101,Соус песто,Соусы,1,pasta_italian
B091,I111,Итальянские травы,Специи,1,pasta_italian
B092,I001,Молоко 2.5%,Молочные продукты,1,breakfast_basic
B092,I006,Сыр гауда,Молочные продукты,1,breakfast_basic
B092,I007,Сливочное масло,Молочные продукты,1,breakfast_basic
B092,I015,Хлеб пшеничный,Хлеб,1,breakfast_basic
B092,I023,Яйца C1 10 шт,Бакалея,2,breakfast_basic
B092,I043,Морковь,Овощи,1,breakfast_basic
B092,I065,Бананы,Фрукты,2,breakfast_basic
B092,I084,Овсяные хлопья,Бакалея,1,breakfast_basic
B092,I115,Кофе молотый,Напитки,1,breakfast_basic
B093,I018,Лаваш,Хлеб,1,bbq_picnic
B093,I026,Куриные бедра,Мясо и птица,1,bbq_picnic
B093,I046,Помидоры,Овощи,1,bbq_picnic
B093,I047,Огурцы,Овощи,2,bbq_picnic
B093,I120,Газированная вода,Напитки,6,bbq_picnic
B093,I139,Чипсы картофельные,Снэки,1,bbq_picnic
B093,I158,Бумажные полотенца,Дом,1,bbq_picnic
B094,I005,Сметана 20%,Молочные продукты,1,pets_home
B094,I023,Яйца C1 10 шт,Бакалея,2,pets_home
B094,I119,Вода минеральная,Напитки,1,pets_home
B094,I154,Корм для собак,Зоотовары,1,pets_home
B094,I155,Наполнитель для кошачьего туалета,Зоотовары,1,pets_home
B094,I156,Средство для посуды,Бытовая химия,1,pets_home
B094,I158,Бумажные полотенца,Дом,1,pets_home
B094,I160,Пакеты для мусора,Дом,1,pets_home
B095,I008,Сливки 10%,Молочные продукты,1,lasagna_pasta
B095,I009,Моцарелла,Молочные продукты,1,lasagna_pasta
B095,I010,Пармезан,Молочные продукты,1,lasagna_pasta
B095,I027,Фарш говяжий,Мясо и птица,1,lasagna_pasta
B095,I053,Шампиньоны,Овощи,1,lasagna_pasta
B095,I082,Макароны пенне,Бакалея,1,lasagna_pasta
B095,I096,Томатная паста,Соусы,1,lasagna_pasta
B095,I111,Итальянские травы,Специи,1,lasagna_pasta
B095,I131,Шоколад молочный,Сладости,2,lasagna_pasta
B096,I025,Куриное филе,Мясо и птица,1,curry_dinner
B096,I056,Брокколи,Овощи,1,curry_dinner
B096,I063,Имбирь,Овощи,1,curry_dinner
B096,I067,Лимоны,Фрукты,1,curry_dinner
B096,I076,Рис длиннозерный,Бакалея,1,curry_dinner
B096,I090,Кокосовое молоко,Бакалея,1,curry_dinner
B096,I108,Карри паста,Соусы,1,curry_dinner
B097,I008,Сливки 10%,Молочные продукты,1,lasagna_pasta
B097,I009,Моцарелла,Молочные продукты,1,lasagna_pasta
B097,I010,Пармезан,Молочные продукты,1,lasagna_pasta
B097,I012,Ряженка,Молочные продукты,1,lasagna_pasta
B097,I027,Фарш говяжий,Мясо и птица,1,lasagna_pasta
B097,I036,Лосось филе,Рыба,1,lasagna_pasta
B097,I053,Шампиньоны,Овощи,1,lasagna_pasta
B097,I064,Яблоки,Фрукты,2,lasagna_pasta
B097,I082,Макароны пенне,Бакалея,1,lasagna_pasta
B097,I111,Итальянские травы,Специи,1,lasagna_pasta
B097,I114,Чай зеленый,Напитки,1,lasagna_pasta
B097,I156,Средство для посуды,Бытовая химия,1,lasagna_pasta
B098,I001,Молоко 2.5%,Молочные продукты,1,breakfast_basic
B098,I006,Сыр гауда,Молочные продукты,1,breakfast_basic
B098,I007,Сливочное масло,Молочные продукты,1,breakfast_basic
B098,I015,Хлеб пшеничный,Хлеб,1,breakfast_basic
B098,I023,Яйца C1 10 шт,Бакалея,1,breakfast_basic
B098,I065,Бананы,Фрукты,3,breakfast_basic
B098,I084,Овсяные хлопья,Бакалея,1,breakfast_basic
B098,I115,Кофе молотый,Напитки,1,breakfast_basic
B099,I023,Яйца C1 10 шт,Бакалея,1,weekly_stock
B099,I042,Картофель,Овощи,1,weekly_stock
B099,I043,Морковь,Овощи,1,weekly_stock
B099,I044,Лук репчатый,Овощи,1,weekly_stock
B099,I047,Огурцы,Овощи,2,weekly_stock
B099,I061,Петрушка,Овощи,1,weekly_stock
B099,I067,Лимоны,Фрукты,1,weekly_stock
B099,I070,Клубника,Фрукты,2,weekly_stock
B099,I076,Рис длиннозерный,Бакалея,1,weekly_stock
B099,I078,Гречка,Бакалея,1,weekly_stock
B099,I088,Подсолнечное масло,Бакалея,1,weekly_stock
B099,I097,Фасоль консервированная,Консервы,1,weekly_stock
B099,I119,Вода минеральная,Напитки,2,weekly_stock
B100,I001,Молоко 2.5%,Молочные продукты,2,baby_care
B100,I149,Детское пюре яблочное,Детские товары,1,baby_care
B100,I150,Детская каша,Детские товары,1,baby_care
B100,I151,Подгузники,Детские товары,2,baby_care
B100,I152,Влажные салфетки,Детские товары,1,baby_care
B101,I006,Сыр гауда,Молочные продукты,1,sushi_home
B101,I036,Лосось филе,Рыба,1,sushi_home
B101,I041,Крабовые палочки,Рыба,1,sushi_home
B101,I047,Огурцы,Овощи,2,sushi_home
B101,I057,Авокадо,Овощи,1,sushi_home
B101,I063,Имбирь,Овощи,1,sushi_home
B101,I077,Рис для суши,Бакалея,1,sushi_home
B101,I091,Нори,Бакалея,1,sushi_home
B101,I096,Томатная паста,Соусы,1,sushi_home
B101,I104,Соевый соус,Соусы,1,sushi_home
B102,I026,Куриные бедра,Мясо и птица,1,bbq_picnic
B102,I029,Свинина для жарки,Мясо и птица,1,bbq_picnic
B102,I046,Помидоры,Овощи,3,bbq_picnic
B102,I047,Огурцы,Овощи,2,bbq_picnic
B102,I071,Голубика,Фрукты,1,bbq_picnic
B102,I102,Кетчуп,Соусы,1,bbq_picnic
B102,I120,Газированная вода,Напитки,6,bbq_picnic
B102,I139,Чипсы картофельные,Снэки,1,bbq_picnic
B102,I158,Бумажные полотенца,Дом,1,bbq_picnic
B103,I039,Тунец консервированный,Рыба,1,salad_light
B103,I046,Помидоры,Овощи,1,salad_light
B103,I047,Огурцы,Овощи,2,salad_light
B103,I048,Перец болгарский,Овощи,1,salad_light
B103,I057,Авокадо,Овощи,1,salad_light
B103,I067,Лимоны,Фрукты,1,salad_light
B103,I089,Оливковое масло,Бакалея,1,salad_light
B103,I098,Кукуруза консервированная,Консервы,1,salad_light
B103,I120,Газированная вода,Напитки,1,salad_light
B104,I001,Молоко 2.5%,Молочные продукты,2,kids_breakfast
B104,I003,Йогурт натуральный,Молочные продукты,1,kids_breakfast
B104,I117,Сок яблочный,Напитки,1,kids_breakfast
B104,I131,Шоколад молочный,Сладости,2,kids_breakfast
B104,I133,Печенье овсяное,Сладости,2,kids_breakfast
B104,I142,Хлопья кукурузные,Завтраки,1,kids_breakfast
B104,I149,Детское пюре яблочное,Детские товары,1,kids_breakfast
B104,I150,Детская каша,Детские товары,1,kids_breakfast
B104,I152,Влажные салфетки,Детские товары,1,kids_breakfast
B105,I001,Молоко 2.5%,Молочные продукты,2,baking_sweet
B105,I007,Сливочное масло,Молочные продукты,1,baking_sweet
B105,I085,Мука пшеничная,Бакалея,1,baking_sweet
B105,I093,Разрыхлитель теста,Бакалея,1,baking_sweet
B105,I094,Ванильный сахар,Бакалея,1,baking_sweet
B105,I095,Какао порошок,Бакалея,1,baking_sweet
B105,I132,Шоколад темный,Сладости,1,baking_sweet
B106,I003,Йогурт натуральный,Молочные продукты,1,office_lunch
B106,I015,Хлеб пшеничный,Хлеб,1,office_lunch
B106,I065,Бананы,Фрукты,2,office_lunch
B106,I119,Вода минеральная,Напитки,4,office_lunch
B106,I146,Салат цезарь готовый,Готовая еда,1,office_lunch
B106,I147,Сэндвич с курицей,Готовая еда,1,office_lunch
B107,I003,Йогурт натуральный,Молочные продукты,1,office_lunch
B107,I116,Кофе зерновой,Напитки,1,office_lunch
B107,I119,Вода минеральная,Напитки,6,office_lunch
B107,I132,Шоколад темный,Сладости,2,office_lunch
B107,I146,Салат цезарь готовый,Готовая еда,1,office_lunch
B107,I147,Сэндвич с курицей,Готовая еда,1,office_lunch
B108,I008,Сливки 10%,Молочные продукты,1,lasagna_pasta
B108,I010,Пармезан,Молочные продукты,1,lasagna_pasta
B108,I027,Фарш говяжий,Мясо и птица,1,lasagna_pasta
B108,I047,Огурцы,Овощи,2,lasagna_pasta
B108,I082,Макароны пенне,Бакалея,1,lasagna_pasta
B108,I111,Итальянские травы,Специи,1,lasagna_pasta
B108,I156,Средство для посуды,Бытовая химия,1,lasagna_pasta
B109,I001,Молоко 2.5%,Молочные продукты,1,salad_light
B109,I039,Тунец консервированный,Рыба,1,salad_light
B109,I043,Морковь,Овощи,3,salad_light
B109,I046,Помидоры,Овощи,2,salad_light
B109,I047,Огурцы,Овощи,2,salad_light
B109,I048,Перец болгарский,Овощи,1,salad_light
B109,I051,Салат айсберг,Овощи,2,salad_light
B109,I060,Укроп,Овощи,1,salad_light
B109,I067,Лимоны,Фрукты,1,salad_light
B109,I089,Оливковое масло,Бакалея,1,salad_light
B110,I006,Сыр гауда,Молочные продукты,1,burger_night
B110,I019,Булочки для бургеров,Хлеб,2,burger_night
B110,I027,Фарш говяжий,Мясо и птица,1,burger_night
B110,I032,Бекон,Мясо и птица,1,burger_night
B110,I043,Морковь,Овощи,1,burger_night
B110,I046,Помидоры,Овощи,2,burger_night
B110,I060,Укроп,Овощи,1,burger_night
B110,I069,Виноград,Фрукты,1,burger_night
B110,I073,Киви,Фрукты,1,burger_night
B110,I102,Кетчуп,Соусы,1,burger_night
B110,I106,Горчица,Соусы,1,burger_night
B110,I123,Мороженое ванильное,Заморозка,1,burger_night
B111,I015,Хлеб пшеничный,Хлеб,1,veggie_stew
B111,I045,Чеснок,Овощи,1,veggie_stew
B111,I046,Помидоры,Овощи,1,veggie_stew
B111,I048,Перец болгарский,Овощи,1,veggie_stew
B111,I052,Шпинат,Овощи,1,veggie_stew
B111,I053,Шампиньоны,Овощи,1,veggie_stew
B111,I054,Кабачки,Овощи,1,veggie_stew
B111,I079,Булгур,Бакалея,1,veggie_stew
B111,I111,Итальянские травы,Специи,1,veggie_stew
B111,I152,Влажные салфетки,Детские товары,1,veggie_stew
B112,I001,Молоко 2.5%,Молочные продукты,1,weekly_stock
B112,I006,Сыр гауда,Молочные продукты,1,weekly_stock
B112,I015,Хлеб пшеничный,Хлеб,2,weekly_stock
B112,I023,Яйца C1 10 шт,Бакалея,1,weekly_stock
B112,I042,Картофель,Овощи,1,weekly_stock
B112,I044,Лук репчатый,Овощи,2,weekly_stock
B112,I053,Шампиньоны,Овощи,1,weekly_stock
B112,I065,Бананы,Фрукты,1,weekly_stock
B112,I067,Лимоны,Фрукты,1,weekly_stock
B112,I076,Рис длиннозерный,Бакалея,1,weekly_stock
B112,I084,Овсяные хлопья,Бакалея,1,weekly_stock
B112,I088,Подсолнечное масло,Бакалея,1,weekly_stock
B112,I097,Фасоль консервированная,Консервы,1,weekly_stock
B112,I113,Чай черный,Напитки,1,weekly_stock
B112,I119,Вода минеральная,Напитки,2,weekly_stock
B112,I157,Порошок стиральный,Бытовая химия,1,weekly_stock
B113,I001,Молоко 2.5%,Молочные продукты,1,tea_sweets
B113,I021,Круассаны,Хлеб,1,tea_sweets
B113,I048,Перец болгарский,Овощи,1,tea_sweets
B113,I084,Овсяные хлопья,Бакалея,1,tea_sweets
B113,I113,Чай черный,Напитки,1,tea_sweets
B113,I115,Кофе молотый,Напитки,1,tea_sweets
B113,I131,Шоколад молочный,Сладости,1,tea_sweets
B113,I133,Печенье овсяное,Сладости,1,tea_sweets
B113,I134,Вафли,Сладости,2,tea_sweets
B113,I136,Джем клубничный,Сладости,1,tea_sweets
B114,I007,Сливочное масло,Молочные продукты,1,breakfast_basic
B114,I015,Хлеб пшеничный,Хлеб,2,breakfast_basic
B114,I023,Яйца C1 10 шт,Бакалея,2,breakfast_basic
B114,I047,Огурцы,Овощи,1,breakfast_basic
B114,I065,Бананы,Фрукты,2,breakfast_basic
B114,I115,Кофе молотый,Напитки,1,breakfast_basic
B114,I120,Газированная вода,Напитки,3,breakfast_basic
B115,I065,Бананы,Фрукты,3,frozen_quick
B115,I102,Кетчуп,Соусы,1,frozen_quick
B115,I120,Газированная вода,Напитки,4,frozen_quick
B115,I123,Мороженое ванильное,Заморозка,1,frozen_quick
B115,I124,Пельмени,Заморозка,2,frozen_quick
B115,I125,Вареники с картофелем,Заморозка,1,frozen_quick
B115,I126,Овощная смесь замороженная,Заморозка,1,frozen_quick
B115,I128,Пицца замороженная,Заморозка,1,frozen_quick
B116,I025,Куриное филе,Мясо и птица,1,household_cleaning
B116,I042,Картофель,Овощи,3,household_cleaning
B116,I113,Чай черный,Напитки,1,household_cleaning
B116,I157,Порошок стиральный,Бытовая химия,2,household_cleaning
B116,I158,Бумажные полотенца,Дом,1,household_cleaning
B116,I159,Туалетная бумага,Дом,1,household_cleaning
B116,I160,Пакеты для мусора,Дом,1,household_cleaning
B117,I084,Овсяные хлопья,Бакалея,1,household_cleaning
B117,I152,Влажные салфетки,Детские товары,1,household_cleaning
B117,I156,Средство для посуды,Бытовая химия,1,household_cleaning
B117,I157,Порошок стиральный,Бытовая химия,1,household_cleaning
B117,I159,Туалетная бумага,Дом,2,household_cleaning
B117,I160,Пакеты для мусора,Дом,2,household_cleaning
B118,I001,Молоко 2.5%,Молочные продукты,2,weekly_stock
B118,I006,Сыр гауда,Молочные продукты,1,weekly_stock
B118,I023,Яйца C1 10 шт,Бакалея,1,weekly_stock
B118,I044,Лук репчатый,Овощи,1,weekly_stock
B118,I059,Зеленый лук,Овощи,1,weekly_stock
B118,I060,Укроп,Овощи,1,weekly_stock
B118,I064,Яблоки,Фрукты,1,weekly_stock
B118,I076,Рис длиннозерный,Бакалея,1,weekly_stock
B118,I084,Овсяные хлопья,Бакалея,1,weekly_stock
B118,I088,Подсолнечное масло,Бакалея,1,weekly_stock
B118,I119,Вода минеральная,Напитки,2,weekly_stock
B118,I120,Газированная вода,Напитки,6,weekly_stock
B118,I159,Туалетная бумага,Дом,1,weekly_stock
B119,I039,Тунец консервированный,Рыба,1,salad_light
B119,I044,Лук репчатый,Овощи,1,salad_light
B119,I046,Помидоры,Овощи,1,salad_light
B119,I047,Огурцы,Овощи,3,salad_light
B119,I048,Перец болгарский,Овощи,2,salad_light
B119,I051,Салат айсберг,Овощи,2,salad_light
B119,I071,Голубика,Фрукты,2,salad_light
B119,I080,Киноа,Бакалея,1,salad_light
B120,I023,Яйца C1 10 шт,Бакалея,1,sushi_home
B120,I034,Ветчина,Мясо и птица,1,sushi_home
B120,I036,Лосось филе,Рыба,1,sushi_home
B120,I041,Крабовые палочки,Рыба,1,sushi_home
B120,I047,Огурцы,Овощи,3,sushi_home
B120,I057,Авокадо,Овощи,1,sushi_home
B120,I063,Имбирь,Овощи,1,sushi_home
B120,I104,Соевый соус,Соусы,1,sushi_home
B120,I121,Квас,Напитки,2,sushi_home
B120,I135,Мед,Сладости,2,sushi_home
B121,I003,Йогурт натуральный,Молочные продукты,1,fruit_snack
B121,I052,Шпинат,Овощи,1,fruit_snack
B121,I061,Петрушка,Овощи,1,fruit_snack
B121,I064,Яблоки,Фрукты,1,fruit_snack
B121,I065,Бананы,Фрукты,3,fruit_snack
B121,I066,Апельсины,Фрукты,1,fruit_snack
B121,I068,Груши,Фрукты,1,fruit_snack
B121,I069,Виноград,Фрукты,1,fruit_snack
B121,I105,Соус терияки,Соусы,1,fruit_snack
B121,I133,Печенье овсяное,Сладости,1,fruit_snack
B121,I137,Орехи грецкие,Снэки,2,fruit_snack
B121,I160,Пакеты для мусора,Дом,1,fruit_snack
B122,I009,Моцарелла,Молочные продукты,1,lasagna_pasta
B122,I010,Пармезан,Молочные продукты,1,lasagna_pasta
B122,I027,Фарш говяжий,Мясо и птица,1,lasagna_pasta
B122,I043,Морковь,Овощи,1,lasagna_pasta
B122,I049,Капуста белокочанная,Овощи,1,lasagna_pasta
B122,I053,Шампиньоны,Овощи,1,lasagna_pasta
B122,I064,Яблоки,Фрукты,2,lasagna_pasta
B122,I067,Лимоны,Фрукты,1,lasagna_pasta
B122,I082,Макароны пенне,Бакалея,1,lasagna_pasta
B122,I084,Овсяные хлопья,Бакалея,1,lasagna_pasta
B122,I119,Вода минеральная,Напитки,1,lasagna_pasta
B123,I006,Сыр гауда,Молочные продукты,1,salad_light
B123,I039,Тунец консервированный,Рыба,1,salad_light
B123,I047,Огурцы,Овощи,1,salad_light
B123,I051,Салат айсберг,Овощи,1,salad_light
B123,I052,Шпинат,Овощи,1,salad_light
B123,I057,Авокадо,Овощи,1,salad_light
B123,I061,Петрушка,Овощи,1,salad_light
B123,I067,Лимоны,Фрукты,2,salad_light
B123,I089,Оливковое масло,Бакалея,1,salad_light
B123,I098,Кукуруза консервированная,Консервы,1,salad_light
B123,I115,Кофе молотый,Напитки,1,salad_light
B123,I119,Вода минеральная,Напитки,2,salad_light
B124,I001,Молоко 2.5%,Молочные продукты,1,weekly_stock
B124,I006,Сыр гауда,Молочные продукты,1,weekly_stock
B124,I015,Хлеб пшеничный,Хлеб,2,weekly_stock
B124,I025,Куриное филе,Мясо и птица,1,weekly_stock
B124,I042,Картофель,Овощи,2,weekly_stock
B124,I044,Лук репчатый,Овощи,1,weekly_stock
B124,I064,Яблоки,Фрукты,1,weekly_stock
B124,I076,Рис длиннозерный,Бакалея,1,weekly_stock
B124,I078,Гречка,Бакалея,1,weekly_stock
B124,I088,Подсолнечное масло,Бакалея,1,weekly_stock
B124,I119,Вода минеральная,Напитки,3,weekly_stock
B124,I159,Туалетная бумага,Дом,1,weekly_stock
B125,I006,Сыр гауда,Молочные продукты,1,mexican_tacos
B125,I018,Лаваш,Хлеб,1,mexican_tacos
B125,I019,Булочки для бургеров,Хлеб,1,mexican_tacos
B125,I057,Авокадо,Овощи,2,mexican_tacos
B125,I062,Острый перец,Овощи,1,mexican_tacos
B125,I074,Манго,Фрукты,1,mexican_tacos
B125,I091,Нори,Бакалея,1,mexican_tacos
B125,I098,Кукуруза консервированная,Консервы,1,mexican_tacos
B125,I107,Сальса,Соусы,1,mexican_tacos
B126,I036,Лосось филе,Рыба,1,fish_dinner
B126,I047,Огурцы,Овощи,2,fish_dinner
B126,I052,Шпинат,Овощи,1,fish_dinner
B126,I067,Лимоны,Фрукты,1,fish_dinner
B126,I076,Рис длиннозерный,Бакалея,1,fish_dinner
B126,I089,Оливковое масло,Бакалея,1,fish_dinner
B126,I109,Черный перец,Специи,1,fish_dinner
B126,I119,Вода минеральная,Напитки,2,fish_dinner
B127,I003,Йогурт натуральный,Молочные продукты,1,office_lunch
B127,I015,Хлеб пшеничный,Хлеб,2,office_lunch
B127,I047,Огурцы,Овощи,2,office_lunch
B127,I065,Бананы,Фрукты,1,office_lunch
B127,I119,Вода минеральная,Напитки,6,office_lunch
B127,I132,Шоколад темный,Сладости,1,office_lunch
B127,I146,Салат цезарь готовый,Готовая еда,1,office_lunch
B127,I147,Сэндвич с курицей,Готовая еда,1,office_lunch
B128,I025,Куриное филе,Мясо и птица,1,fish_dinner
B128,I036,Лосось филе,Рыба,1,fish_dinner
B128,I047,Огурцы,Овощи,1,fish_dinner
B128,I052,Шпинат,Овощи,1,fish_dinner
B128,I067,Лимоны,Фрукты,1,fish_dinner
B128,I109,Черный перец,Специи,1,fish_dinner
B128,I131,Шоколад молочный,Сладости,2,fish_dinner
B129,I005,Сметана 20%,Молочные продукты,1,salad_light
B129,I039,Тунец консервированный,Рыба,1,salad_light
B129,I046,Помидоры,Овощи,1,salad_light
B129,I047,Огурцы,Овощи,1,salad_light
B129,I048,Перец болгарский,Овощи,2,salad_light
B129,I051,Салат айсберг,Овощи,1,salad_light
B129,I065,Бананы,Фрукты,3,salad_light
B129,I089,Оливковое масло,Бакалея,1,salad_light
B129,I097,Фасоль консервированная,Консервы,1,salad_light
B129,I098,Кукуруза консервированная,Консервы,1,salad_light
B130,I038,Креветки очищенные,Рыба,1,seafood_asian
B130,I045,Чеснок,Овощи,1,seafood_asian
B130,I051,Салат айсберг,Овощи,2,seafood_asian
B130,I056,Брокколи,Овощи,1,seafood_asian
B130,I059,Зеленый лук,Овощи,1,seafood_asian
B130,I062,Острый перец,Овощи,1,seafood_asian
B130,I063,Имбирь,Овощи,1,seafood_asian
B130,I083,Лапша удон,Бакалея,1,seafood_asian
B130,I085,Мука пшеничная,Бакалея,1,seafood_asian
B130,I105,Соус терияки,Соусы,1,seafood_asian
B130,I148,Суп куриный готовый,Готовая еда,1,seafood_asian
B131,I003,Йогурт натуральный,Молочные продукты,1,office_lunch
B131,I053,Шампиньоны,Овощи,2,office_lunch
B131,I065,Бананы,Фрукты,1,office_lunch
B131,I116,Кофе зерновой,Напитки,1,office_lunch
B131,I119,Вода минеральная,Напитки,2,office_lunch
B131,I132,Шоколад темный,Сладости,1,office_lunch
B131,I146,Салат цезарь готовый,Готовая еда,1,office_lunch
B131,I147,Сэндвич с курицей,Готовая еда,1,office_lunch
B132,I001,Молоко 2.5%,Молочные продукты,3,sushi_home
B132,I041,Крабовые палочки,Рыба,1,sushi_home
B132,I047,Огурцы,Овощи,2,sushi_home
B132,I051,Салат айсберг,Овощи,1,sushi_home
B132,I057,Авокадо,Овощи,1,sushi_home
B132,I084,Овсяные хлопья,Бакалея,1,sushi_home
B132,I091,Нори,Бакалея,1,sushi_home
B132,I104,Соевый соус,Соусы,1,sushi_home
B132,I108,Карри паста,Соусы,1,sushi_home
B132,I131,Шоколад молочный,Сладости,1,sushi_home
B133,I001,Молоко 2.5%,Молочные продукты,3,big_family_stock
B133,I017,Батон нарезной,Хлеб,1,big_family_stock
B133,I023,Яйца C1 10 шт,Бакалея,1,big_family_stock
B133,I042,Картофель,Овощи,2,big_family_stock
B133,I043,Морковь,Овощи,1,big_family_stock
B133,I051,Салат айсберг,Овощи,1,big_family_stock
B133,I061,Петрушка,Овощи,1,big_family_stock
B133,I070,Клубника,Фрукты,1,big_family_stock
B133,I082,Макароны пенне,Бакалея,1,big_family_stock
B133,I084,Овсяные хлопья,Бакалея,1,big_family_stock
B133,I086,Сахар,Бакалея,1,big_family_stock
B133,I113,Чай черный,Напитки,1,big_family_stock
B133,I133,Печенье овсяное,Сладости,2,big_family_stock
B133,I158,Бумажные полотенца,Дом,1,big_family_stock
B133,I159,Туалетная бумага,Дом,2,big_family_stock
B134,I001,Молоко 2.5%,Молочные продукты,1,breakfast_basic
B134,I006,Сыр гауда,Молочные продукты,1,breakfast_basic
B134,I007,Сливочное масло,Молочные продукты,1,breakfast_basic
B134,I015,Хлеб пшеничный,Хлеб,1,breakfast_basic
B134,I023,Яйца C1 10 шт,Бакалея,1,breakfast_basic
B134,I065,Бананы,Фрукты,2,breakfast_basic
B134,I067,Лимоны,Фрукты,2,breakfast_basic
B134,I074,Манго,Фрукты,1,breakfast_basic
B134,I083,Лапша удон,Бакалея,1,breakfast_basic
B134,I084,Овсяные хлопья,Бакалея,1,breakfast_basic
B135,I033,Колбаса докторская,Мясо и птица,1,sushi_home
B135,I036,Лосось филе,Рыба,1,sushi_home
B135,I046,Помидоры,Овощи,3,sushi_home
B135,I047,Огурцы,Овощи,3,sushi_home
B135,I057,Авокадо,Овощи,1,sushi_home
B135,I063,Имбирь,Овощи,2,sushi_home
B135,I077,Рис для суши,Бакалея,1,sushi_home
B135,I091,Нори,Бакалея,1,sushi_home
B135,I104,Соевый соус,Соусы,1,sushi_home
B135,I159,Туалетная бумага,Дом,1,sushi_home
B136,I003,Йогурт натуральный,Молочные продукты,1,fruit_snack
B136,I046,Помидоры,Овощи,1,fruit_snack
B136,I064,Яблоки,Фрукты,2,fruit_snack
B136,I065,Бананы,Фрукты,1,fruit_snack
B136,I066,Апельсины,Фрукты,1,fruit_snack
B136,I068,Груши,Фрукты,2,fruit_snack
B136,I069,Виноград,Фрукты,2,fruit_snack
B136,I089,Оливковое масло,Бакалея,1,fruit_snack
B136,I101,Соус песто,Соусы,1,fruit_snack
B136,I126,Овощная смесь замороженная,Заморозка,2,fruit_snack
B136,I137,Орехи грецкие,Снэки,1,fruit_snack
B137,I006,Сыр гауда,Молочные продукты,1,mexican_tacos
B137,I018,Лаваш,Хлеб,1,mexican_tacos
B137,I027,Фарш говяжий,Мясо и птица,1,mexican_tacos
B137,I046,Помидоры,Овощи,2,mexican_tacos
B137,I057,Авокадо,Овощи,2,mexican_tacos
B137,I097,Фасоль консервированная,Консервы,1,mexican_tacos
B137,I107,Сальса,Соусы,1,mexican_tacos
B138,I001,Молоко 2.5%,Молочные продукты,1,baking_sweet
B138,I007,Сливочное масло,Молочные продукты,1,baking_sweet
B138,I015,Хлеб пшеничный,Хлеб,1,baking_sweet
B138,I023,Яйца C1 10 шт,Бакалея,1,baking_sweet
B138,I048,Перец болгарский,Овощи,1,baking_sweet
B138,I085,Мука пшеничная,Бакалея,1,baking_sweet
B138,I086,Сахар,Бакалея,1,baking_sweet
B138,I094,Ванильный сахар,Бакалея,1,baking_sweet
B138,I095,Какао порошок,Бакалея,1,baking_sweet
B138,I100,Оливки,Консервы,1,baking_sweet
B138,I132,Шоколад темный,Сладости,2,baking_sweet
B138,I159,Туалетная бумага,Дом,1,baking_sweet
B139,I013,Йогурт греческий,Молочные продукты,1,healthy_breakfast
B139,I014,Молоко безлактозное,Молочные продукты,3,healthy_breakfast
B139,I065,Бананы,Фрукты,1,healthy_breakfast
B139,I084,Овсяные хлопья,Бакалея,1,healthy_breakfast
B139,I137,Орехи грецкие,Снэки,2,healthy_breakfast
B140,I015,Хлеб пшеничный,Хлеб,2,frozen_quick
B140,I057,Авокадо,Овощи,1,frozen_quick
B140,I120,Газированная вода,Напитки,2,frozen_quick
B140,I124,Пельмени,Заморозка,1,frozen_quick
B140,I125,Вареники с картофелем,Заморозка,1,frozen_quick
B140,I126,Овощная смесь замороженная,Заморозка,2,frozen_quick
B141,I002,Кефир,Молочные продукты,1,bbq_picnic
B141,I026,Куриные бедра,Мясо и птица,1,bbq_picnic
B141,I047,Огурцы,Овощи,1,bbq_picnic
B141,I069,Виноград,Фрукты,2,bbq_picnic
B141,I073,Киви,Фрукты,1,bbq_picnic
B141,I084,Овсяные хлопья,Бакалея,1,bbq_picnic
B141,I102,Кетчуп,Соусы,1,bbq_picnic
B141,I107,Сальса,Соусы,1,bbq_picnic
B141,I115,Кофе молотый,Напитки,1,bbq_picnic
B141,I120,Газированная вода,Напитки,2,bbq_picnic
B141,I135,Мед,Сладости,1,bbq_picnic
B141,I139,Чипсы картофельные,Снэки,2,bbq_picnic
B141,I149,Детское пюре яблочное,Детские товары,1,bbq_picnic
B141,I158,Бумажные полотенца,Дом,1,bbq_picnic
B142,I003,Йогурт натуральный,Молочные продукты,1,baby_care
B142,I065,Бананы,Фрукты,2,baby_care
B142,I068,Груши,Фрукты,1,baby_care
B142,I149,Детское пюре яблочное,Детские товары,1,baby_care
B142,I150,Детская каша,Детские товары,1,baby_care
B142,I151,Подгузники,Детские товары,1,baby_care
B142,I152,Влажные салфетки,Детские товары,1,baby_care
B143,I006,Сыр гауда,Молочные продукты,1,breakfast_basic
B143,I007,Сливочное масло,Молочные продукты,1,breakfast_basic
B143,I015,Хлеб пшеничный,Хлеб,1,breakfast_basic
B143,I023,Яйца C1 10 шт,Бакалея,1,breakfast_basic
B143,I065,Бананы,Фрукты,2,breakfast_basic
B143,I084,Овсяные хлопья,Бакалея,1,breakfast_basic
B143,I115,Кофе молотый,Напитки,1,breakfast_basic
B143,I159,Туалетная бумага,Дом,1,breakfast_basic
B144,I006,Сыр гауда,Молочные продукты,1,sandwiches
B144,I011,Сыр творожный,Молочные продукты,1,sandwiches
B144,I015,Хлеб пшеничный,Хлеб,2,sandwiches
B144,I034,Ветчина,Мясо и птица,1,sandwiches
B144,I044,Лук репчатый,Овощи,2,sandwiches
B144,I047,Огурцы,Овощи,1,sandwiches
B144,I048,Перец болгарский,Овощи,2,sandwiches
B144,I051,Салат айсберг,Овощи,1,sandwiches
B144,I070,Клубника,Фрукты,1,sandwiches
B144,I158,Бумажные полотенца,Дом,1,sandwiches
B145,I014,Молоко безлактозное,Молочные продукты,2,pasta_italian
B145,I020,Багет,Хлеб,1,pasta_italian
B145,I045,Чеснок,Овощи,1,pasta_italian
B145,I046,Помидоры,Овощи,3,pasta_italian
B145,I081,Макароны спагетти,Бакалея,1,pasta_italian
B145,I089,Оливковое масло,Бакалея,1,pasta_italian
B145,I096,Томатная паста,Соусы,1,pasta_italian
B145,I101,Соус песто,Соусы,1,pasta_italian
B145,I111,Итальянские травы,Специи,1,pasta_italian
B145,I119,Вода минеральная,Напитки,4,pasta_italian
B145,I122,Морс ягодный,Напитки,2,pasta_italian
B146,I023,Яйца C1 10 шт,Бакалея,1,russian_salads
B146,I025,Куриное филе,Мясо и птица,1,russian_salads
B146,I033,Колбаса докторская,Мясо и птица,1,russian_salads
B146,I042,Картофель,Овощи,2,russian_salads
B146,I043,Морковь,Овощи,2,russian_salads
B146,I060,Укроп,Овощи,1,russian_salads
B146,I069,Виноград,Фрукты,1,russian_salads
B146,I099,Горошек консервированный,Консервы,1,russian_salads
B147,I023,Яйца C1 10 шт,Бакалея,1,russian_salads
B147,I033,Колбаса докторская,Мясо и птица,1,russian_salads
B147,I042,Картофель,Овощи,2,russian_salads
B147,I047,Огурцы,Овощи,1,russian_salads
B147,I057,Авокадо,Овощи,1,russian_salads
B147,I060,Укроп,Овощи,2,russian_salads
B147,I063,Имбирь,Овощи,1,russian_salads
B147,I084,Овсяные хлопья,Бакалея,1,russian_salads
B147,I099,Горошек консервированный,Консервы,1,russian_salads
B147,I148,Суп куриный готовый,Готовая еда,1,russian_salads
B148,I001,Молоко 2.5%,Молочные продукты,2,breakfast_basic
B148,I015,Хлеб пшеничный,Хлеб,2,breakfast_basic
B148,I023,Яйца C1 10 шт,Бакалея,2,breakfast_basic
B148,I053,Шампиньоны,Овощи,2,breakfast_basic
B148,I059,Зеленый лук,Овощи,2,breakfast_basic
B148,I061,Петрушка,Овощи,1,breakfast_basic
B148,I065,Бананы,Фрукты,3,breakfast_basic
B148,I084,Овсяные хлопья,Бакалея,1,breakfast_basic
B148,I113,Чай черный,Напитки,1,breakfast_basic
B148,I115,Кофе молотый,Напитки,1,breakfast_basic
B149,I018,Лаваш,Хлеб,1,bbq_picnic
B149,I025,Куриное филе,Мясо и птица,1,bbq_picnic
B149,I026,Куриные бедра,Мясо и птица,1,bbq_picnic
B149,I029,Свинина для жарки,Мясо и птица,1,bbq_picnic
B149,I042,Картофель,Овощи,1,bbq_picnic
B149,I044,Лук репчатый,Овощи,3,bbq_picnic
B149,I046,Помидоры,Овощи,1,bbq_picnic
B149,I047,Огурцы,Овощи,1,bbq_picnic
B149,I102,Кетчуп,Соусы,1,bbq_picnic
B149,I115,Кофе молотый,Напитки,1,bbq_picnic
B149,I120,Газированная вода,Напитки,2,bbq_picnic
B149,I139,Чипсы картофельные,Снэки,1,bbq_picnic
B150,I043,Морковь,Овощи,1,pasta_italian
B150,I045,Чеснок,Овощи,1,pasta_italian
B150,I046,Помидоры,Овощи,2,pasta_italian
B150,I073,Киви,Фрукты,1,pasta_italian
B150,I081,Макароны спагетти,Бакалея,1,pasta_italian
B150,I101,Соус песто,Соусы,1,pasta_italian
B150,I111,Итальянские травы,Специи,1,pasta_italian
B151,I045,Чеснок,Овощи,1,veggie_stew
B151,I046,Помидоры,Овощи,1,veggie_stew
B151,I053,Шампиньоны,Овощи,2,veggie_stew
B151,I054,Кабачки,Овощи,1,veggie_stew
B151,I089,Оливковое масло,Бакалея,1,veggie_stew
B151,I111,Итальянские травы,Специи,1,veggie_stew
B151,I113,Чай черный,Напитки,1,veggie_stew
B151,I123,Мороженое ванильное,Заморозка,2,veggie_stew
B151,I156,Средство для посуды,Бытовая химия,1,veggie_stew
B152,I045,Чеснок,Овощи,1,veggie_stew
B152,I048,Перец болгарский,Овощи,1,veggie_stew
B152,I053,Шампиньоны,Овощи,1,veggie_stew
B152,I054,Кабачки,Овощи,1,veggie_stew
B152,I055,Баклажаны,Овощи,1,veggie_stew
B152,I069,Виноград,Фрукты,1,veggie_stew
B152,I079,Булгур,Бакалея,1,veggie_stew
B152,I089,Оливковое масло,Бакалея,1,veggie_stew
B152,I111,Итальянские травы,Специи,1,veggie_stew
B152,I115,Кофе молотый,Напитки,1,veggie_stew
B152,I133,Печенье овсяное,Сладости,2,veggie_stew
B152,I159,Туалетная бумага,Дом,2,veggie_stew
B153,I010,Пармезан,Молочные продукты,1,pasta_italian
B153,I020,Багет,Хлеб,2,pasta_italian
B153,I025,Куриное филе,Мясо и птица,1,pasta_italian
B153,I045,Чеснок,Овощи,1,pasta_italian
B153,I046,Помидоры,Овощи,1,pasta_italian
B153,I089,Оливковое масло,Бакалея,1,pasta_italian
B153,I101,Соус песто,Соусы,1,pasta_italian
B153,I110,Паприка,Специи,1,pasta_italian
B153,I111,Итальянские травы,Специи,1,pasta_italian
B153,I119,Вода минеральная,Напитки,2,pasta_italian
B154,I001,Молоко 2.5%,Молочные продукты,3,big_family_stock
B154,I023,Яйца C1 10 шт,Бакалея,1,big_family_stock
B154,I027,Фарш говяжий,Мясо и птица,1,big_family_stock
B154,I042,Картофель,Овощи,2,big_family_stock
B154,I043,Морковь,Овощи,1,big_family_stock
B154,I067,Лимоны,Фрукты,2,big_family_stock
B154,I078,Гречка,Бакалея,1,big_family_stock
B154,I086,Сахар,Бакалея,1,big_family_stock
B154,I158,Бумажные полотенца,Дом,1,big_family_stock
B154,I159,Туалетная бумага,Дом,1,big_family_stock
B155,I153,Корм для кошек,Зоотовары,1,pets_home
B155,I154,Корм для собак,Зоотовары,1,pets_home
B155,I155,Наполнитель для кошачьего туалета,Зоотовары,1,pets_home
B155,I156,Средство для посуды,Бытовая химия,1,pets_home
B155,I158,Бумажные полотенца,Дом,1,pets_home
B155,I160,Пакеты для мусора,Дом,1,pets_home
B156,I001,Молоко 2.5%,Молочные продукты,2,weekly_stock
B156,I005,Сметана 20%,Молочные продукты,1,weekly_stock
B156,I006,Сыр гауда,Молочные продукты,1,weekly_stock
B156,I015,Хлеб пшеничный,Хлеб,1,weekly_stock
B156,I023,Яйца C1 10 шт,Бакалея,1,weekly_stock
B156,I025,Куриное филе,Мясо и птица,1,weekly_stock
B156,I042,Картофель,Овощи,1,weekly_stock
B156,I044,Лук репчатый,Овощи,2,weekly_stock
B156,I057,Авокадо,Овощи,2,weekly_stock
B156,I069,Виноград,Фрукты,1,weekly_stock
B156,I071,Голубика,Фрукты,1,weekly_stock
B156,I076,Рис длиннозерный,Бакалея,1,weekly_stock
B156,I084,Овсяные хлопья,Бакалея,1,weekly_stock
B156,I119,Вода минеральная,Напитки,3,weekly_stock
B157,I006,Сыр гауда,Молочные продукты,1,pets_home
B157,I015,Хлеб пшеничный,Хлеб,2,pets_home
B157,I153,Корм для кошек,Зоотовары,1,pets_home
B157,I155,Наполнитель для кошачьего туалета,Зоотовары,2,pets_home
B157,I156,Средство для посуды,Бытовая химия,1,pets_home
B157,I158,Бумажные полотенца,Дом,1,pets_home
B158,I009,Моцарелла,Молочные продукты,1,salad_light
B158,I029,Свинина для жарки,Мясо и птица,1,salad_light
B158,I039,Тунец консервированный,Рыба,1,salad_light
B158,I046,Помидоры,Овощи,2,salad_light
B158,I047,Огурцы,Овощи,2,salad_light
B158,I048,Перец болгарский,Овощи,2,salad_light
B158,I051,Салат айсберг,Овощи,1,salad_light
B158,I057,Авокадо,Овощи,1,salad_light
B158,I067,Лимоны,Фрукты,1,salad_light
B158,I089,Оливковое масло,Бакалея,1,salad_light
B158,I098,Кукуруза консервированная,Консервы,1,salad_light
B158,I108,Карри паста,Соусы,1,salad_light
B158,I160,Пакеты для мусора,Дом,2,salad_light
B159,I067,Лимоны,Фрукты,1,tea_sweets
B159,I113,Чай черный,Напитки,1,tea_sweets
B159,I115,Кофе молотый,Напитки,1,tea_sweets
B159,I133,Печенье овсяное,Сладости,1,tea_sweets
B159,I134,Вафли,Сладости,1,tea_sweets
B159,I136,Джем клубничный,Сладости,1,tea_sweets
B160,I047,Огурцы,Овощи,1,salad_light
B160,I048,Перец болгарский,Овощи,2,salad_light
B160,I052,Шпинат,Овощи,1,salad_light
B160,I067,Лимоны,Фрукты,1,salad_light
B160,I089,Оливковое масло,Бакалея,1,salad_light
B160,I098,Кукуруза консервированная,Консервы,1,salad_light
B160,I120,Газированная вода,Напитки,3,salad_light
B160,I159,Туалетная бумага,Дом,2,salad_light
B161,I001,Молоко 2.5%,Молочные продукты,1,borsch_soup
B161,I005,Сметана 20%,Молочные продукты,1,borsch_soup
B161,I016,Хлеб ржаной,Хлеб,1,borsch_soup
B161,I030,Говядина стейк,Мясо и птица,1,borsch_soup
B161,I043,Морковь,Овощи,1,borsch_soup
B161,I044,Лук репчатый,Овощи,3,borsch_soup
B161,I045,Чеснок,Овощи,2,borsch_soup
B161,I049,Капуста белокочанная,Овощи,2,borsch_soup
B161,I050,Свекла,Овощи,1,borsch_soup
B161,I059,Зеленый лук,Овощи,1,borsch_soup
B161,I060,Укроп,Овощи,2,borsch_soup
B161,I157,Порошок стиральный,Бытовая химия,1,borsch_soup
B162,I026,Куриные бедра,Мясо и птица,1,chicken_soup
B162,I042,Картофель,Овощи,1,chicken_soup
B162,I044,Лук репчатый,Овощи,1,chicken_soup
B162,I046,Помидоры,Овощи,3,chicken_soup
B162,I053,Шампиньоны,Овощи,1,chicken_soup
B162,I061,Петрушка,Овощи,1,chicken_soup
B162,I083,Лапша удон,Бакалея,1,chicken_soup
B162,I109,Черный перец,Специи,1,chicken_soup
B162,I148,Суп куриный готовый,Готовая еда,1,chicken_soup
B163,I025,Куриное филе,Мясо и птица,1,curry_dinner
B163,I045,Чеснок,Овощи,2,curry_dinner
B163,I046,Помидоры,Овощи,3,curry_dinner
B163,I052,Шпинат,Овощи,1,curry_dinner
B163,I053,Шампиньоны,Овощи,1,curry_dinner
B163,I056,Брокколи,Овощи,1,curry_dinner
B163,I063,Имбирь,Овощи,1,curry_dinner
B163,I076,Рис длиннозерный,Бакалея,1,curry_dinner
B163,I088,Подсолнечное масло,Бакалея,1,curry_dinner
B163,I090,Кокосовое молоко,Бакалея,1,curry_dinner
B163,I120,Газированная вода,Напитки,2,curry_dinner
B164,I001,Молоко 2.5%,Молочные продукты,1,household_cleaning
B164,I123,Мороженое ванильное,Заморозка,2,household_cleaning
B164,I157,Порошок стиральный,Бытовая химия,2,household_cleaning
B164,I159,Туалетная бумага,Дом,2,household_cleaning
B164,I160,Пакеты для мусора,Дом,1,household_cleaning
B165,I001,Молоко 2.5%,Молочные продукты,1,kids_breakfast
B165,I003,Йогурт натуральный,Молочные продукты,1,kids_breakfast
B165,I004,Творог 5%,Молочные продукты,1,kids_breakfast
B165,I065,Бананы,Фрукты,1,kids_breakfast
B165,I117,Сок яблочный,Напитки,1,kids_breakfast
B165,I119,Вода минеральная,Напитки,2,kids_breakfast
B165,I133,Печенье овсяное,Сладости,1,kids_breakfast
B165,I142,Хлопья кукурузные,Завтраки,1,kids_breakfast
B165,I149,Детское пюре яблочное,Детские товары,1,kids_breakfast
B165,I150,Детская каша,Детские товары,1,kids_breakfast
B165,I152,Влажные салфетки,Детские товары,1,kids_breakfast
B165,I158,Бумажные полотенца,Дом,1,kids_breakfast
B166,I018,Лаваш,Хлеб,1,frozen_quick
B166,I025,Куриное филе,Мясо и птица,1,frozen_quick
B166,I102,Кетчуп,Соусы,1,frozen_quick
B166,I120,Газированная вода,Напитки,4,frozen_quick
B166,I124,Пельмени,Заморозка,2,frozen_quick
B166,I125,Вареники с картофелем,Заморозка,2,frozen_quick
B166,I126,Овощная смесь замороженная,Заморозка,1,frozen_quick
B166,I128,Пицца замороженная,Заморозка,1,frozen_quick
B166,I135,Мед,Сладости,1,frozen_quick
B167,I003,Йогурт натуральный,Молочные продукты,1,office_lunch
B167,I065,Бананы,Фрукты,2,office_lunch
B167,I116,Кофе зерновой,Напитки,1,office_lunch
B167,I119,Вода минеральная,Напитки,4,office_lunch
B167,I132,Шоколад темный,Сладости,1,office_lunch
B167,I146,Салат цезарь готовый,Готовая еда,1,office_lunch
B168,I008,Сливки 10%,Молочные продукты,1,lasagna_pasta
B168,I009,Моцарелла,Молочные продукты,1,lasagna_pasta
B168,I027,Фарш говяжий,Мясо и птица,1,lasagna_pasta
B168,I036,Лосось филе,Рыба,1,lasagna_pasta
B168,I053,Шампиньоны,Овощи,1,lasagna_pasta
B168,I060,Укроп,Овощи,2,lasagna_pasta
B168,I071,Голубика,Фрукты,2,lasagna_pasta
B168,I082,Макароны пенне,Бакалея,1,lasagna_pasta
B168,I096,Томатная паста,Соусы,1,lasagna_pasta
B169,I045,Чеснок,Овощи,1,veggie_stew
B169,I046,Помидоры,Овощи,3,veggie_stew
B169,I048,Перец болгарский,Овощи,1,veggie_stew
B169,I053,Шампиньоны,Овощи,1,veggie_stew
B169,I054,Кабачки,Овощи,1,veggie_stew
B169,I057,Авокадо,Овощи,1,veggie_stew
B169,I059,Зеленый лук,Овощи,1,veggie_stew
B169,I061,Петрушка,Овощи,1,veggie_stew
B169,I070,Клубника,Фрукты,1,veggie_stew
B169,I071,Голубика,Фрукты,1,veggie_stew
B169,I079,Булгур,Бакалея,1,veggie_stew
B170,I001,Молоко 2.5%,Молочные продукты,3,baking_sweet
B170,I007,Сливочное масло,Молочные продукты,1,baking_sweet
B170,I023,Яйца C1 10 шт,Бакалея,1,baking_sweet
B170,I085,Мука пшеничная,Бакалея,1,baking_sweet
B170,I086,Сахар,Бакалея,1,baking_sweet
B170,I094,Ванильный сахар,Бакалея,1,baking_sweet
B170,I095,Какао порошок,Бакалея,1,baking_sweet
B171,I019,Булочки для бургеров,Хлеб,1,burger_night
B171,I027,Фарш говяжий,Мясо и птица,1,burger_night
B171,I046,Помидоры,Овощи,3,burger_night
B171,I057,Авокадо,Овощи,1,burger_night
B171,I081,Макароны спагетти,Бакалея,1,burger_night
B171,I102,Кетчуп,Соусы,1,burger_night
B171,I106,Горчица,Соусы,1,burger_night
B171,I129,Картофель фри замороженный,Заморозка,1,burger_night
B172,I102,Кетчуп,Соусы,1,frozen_quick
B172,I123,Мороженое ванильное,Заморозка,2,frozen_quick
B172,I124,Пельмени,Заморозка,1,frozen_quick
B172,I125,Вареники с картофелем,Заморозка,2,frozen_quick
B172,I159,Туалетная бумага,Дом,1,frozen_quick
B173,I001,Молоко 2.5%,Молочные продукты,1,breakfast_basic
B173,I006,Сыр гауда,Молочные продукты,1,breakfast_basic
B173,I007,Сливочное масло,Молочные продукты,1,breakfast_basic
B173,I015,Хлеб пшеничный,Хлеб,1,breakfast_basic
B173,I023,Яйца C1 10 шт,Бакалея,2,breakfast_basic
B173,I065,Бананы,Фрукты,1,breakfast_basic
B173,I084,Овсяные хлопья,Бакалея,1,breakfast_basic
B173,I115,Кофе молотый,Напитки,1,breakfast_basic
B174,I047,Огурцы,Овощи,1,frozen_quick
B174,I120,Газированная вода,Напитки,2,frozen_quick
B174,I124,Пельмени,Заморозка,2,frozen_quick
B174,I125,Вареники с картофелем,Заморозка,1,frozen_quick
B174,I128,Пицца замороженная,Заморозка,2,frozen_quick
B175,I006,Сыр гауда,Молочные продукты,1,weekly_stock
B175,I015,Хлеб пшеничный,Хлеб,2,weekly_stock
B175,I023,Яйца C1 10 шт,Бакалея,1,weekly_stock
B175,I025,Куриное филе,Мясо и птица,1,weekly_stock
B175,I042,Картофель,Овощи,2,weekly_stock
B175,I044,Лук репчатый,Овощи,1,weekly_stock
B175,I051,Салат айсберг,Овощи,2,weekly_stock
B175,I053,Шампиньоны,Овощи,1,weekly_stock
B175,I059,Зеленый лук,Овощи,1,weekly_stock
B175,I060,Укроп,Овощи,1,weekly_stock
B175,I064,Яблоки,Фрукты,3,weekly_stock
B175,I076,Рис длиннозерный,Бакалея,1,weekly_stock
B175,I078,Гречка,Бакалея,1,weekly_stock
B175,I082,Макароны пенне,Бакалея,1,weekly_stock
B175,I088,Подсолнечное масло,Бакалея,1,weekly_stock
B175,I119,Вода минеральная,Напитки,1,weekly_stock
B176,I005,Сметана 20%,Молочные продукты,1,pets_home
B176,I123,Мороженое ванильное,Заморозка,1,pets_home
B176,I153,Корм для кошек,Зоотовары,1,pets_home
B176,I155,Наполнитель для кошачьего туалета,Зоотовары,1,pets_home
B176,I156,Средство для посуды,Бытовая химия,1,pets_home
B177,I046,Помидоры,Овощи,1,pets_home
B177,I084,Овсяные хлопья,Бакалея,1,pets_home
B177,I154,Корм для собак,Зоотовары,1,pets_home
B177,I156,Средство для посуды,Бытовая химия,1,pets_home
B177,I158,Бумажные полотенца,Дом,1,pets_home
B177,I160,Пакеты для мусора,Дом,1,pets_home
B178,I001,Молоко 2.5%,Молочные продукты,1,pets_home
B178,I015,Хлеб пшеничный,Хлеб,2,pets_home
B178,I043,Морковь,Овощи,1,pets_home
B178,I154,Корм для собак,Зоотовары,1,pets_home
B178,I155,Наполнитель для кошачьего туалета,Зоотовары,1,pets_home
B178,I158,Бумажные полотенца,Дом,1,pets_home
B178,I160,Пакеты для мусора,Дом,1,pets_home
B179,I006,Сыр гауда,Молочные продукты,1,burger_night
B179,I019,Булочки для бургеров,Хлеб,2,burger_night
B179,I027,Фарш говяжий,Мясо и птица,1,burger_night
B179,I032,Бекон,Мясо и птица,1,burger_night
B179,I046,Помидоры,Овощи,1,burger_night
B179,I051,Салат айсберг,Овощи,1,burger_night
B179,I102,Кетчуп,Соусы,1,burger_night
B180,I005,Сметана 20%,Молочные продукты,1,seafood_asian
B180,I006,Сыр гауда,Молочные продукты,1,seafood_asian
B180,I035,Котлеты куриные,Мясо и птица,1,seafood_asian
B180,I038,Креветки очищенные,Рыба,1,seafood_asian
B180,I045,Чеснок,Овощи,1,seafood_asian
B180,I047,Огурцы,Овощи,3,seafood_asian
B180,I056,Брокколи,Овощи,1,seafood_asian
B180,I063,Имбирь,Овощи,1,seafood_asian
B180,I104,Соевый соус,Соусы,1,seafood_asian
B180,I147,Сэндвич с курицей,Готовая еда,1,seafood_asian
B181,I001,Молоко 2.5%,Молочные продукты,1,lasagna_pasta
B181,I008,Сливки 10%,Молочные продукты,1,lasagna_pasta
B181,I009,Моцарелла,Молочные продукты,1,lasagna_pasta
B181,I010,Пармезан,Молочные продукты,1,lasagna_pasta
B181,I027,Фарш говяжий,Мясо и птица,1,lasagna_pasta
B181,I043,Морковь,Овощи,1,lasagna_pasta
B181,I046,Помидоры,Овощи,2,lasagna_pasta
B181,I082,Макароны пенне,Бакалея,1,lasagna_pasta
B181,I096,Томатная паста,Соусы,1,lasagna_pasta
B182,I045,Чеснок,Овощи,1,curry_dinner
B182,I056,Брокколи,Овощи,1,curry_dinner
B182,I057,Авокадо,Овощи,1,curry_dinner
B182,I063,Имбирь,Овощи,1,curry_dinner
B182,I067,Лимоны,Фрукты,1,curry_dinner
B182,I076,Рис длиннозерный,Бакалея,1,curry_dinner
B182,I090,Кокосовое молоко,Бакалея,1,curry_dinner
B182,I106,Горчица,Соусы,1,curry_dinner
B182,I108,Карри паста,Соусы,1,curry_dinner
B183,I005,Сметана 20%,Молочные продукты,1,veggie_stew
B183,I043,Морковь,Овощи,2,veggie_stew
B183,I046,Помидоры,Овощи,2,veggie_stew
B183,I053,Шампиньоны,Овощи,2,veggie_stew
B183,I054,Кабачки,Овощи,2,veggie_stew
B183,I089,Оливковое масло,Бакалея,1,veggie_stew
B183,I111,Итальянские травы,Специи,1,veggie_stew
B184,I033,Колбаса докторская,Мясо и птица,1,salad_light
B184,I043,Морковь,Овощи,2,salad_light
B184,I046,Помидоры,Овощи,1,salad_light
B184,I047,Огурцы,Овощи,2,salad_light
B184,I048,Перец болгарский,Овощи,1,salad_light
B184,I053,Шампиньоны,Овощи,1,salad_light
B184,I057,Авокадо,Овощи,1,salad_light
B184,I070,Клубника,Фрукты,1,salad_light
B184,I098,Кукуруза консервированная,Консервы,1,salad_light
B184,I131,Шоколад молочный,Сладости,2,salad_light
B184,I153,Корм для кошек,Зоотовары,1,salad_light
B185,I001,Молоко 2.5%,Молочные продукты,3,baby_care
B185,I003,Йогурт натуральный,Молочные продукты,1,baby_care
B185,I065,Бананы,Фрукты,2,baby_care
B185,I149,Детское пюре яблочное,Детские товары,1,baby_care
B185,I150,Детская каша,Детские товары,1,baby_care
B185,I151,Подгузники,Детские товары,1,baby_care
B185,I152,Влажные салфетки,Детские товары,1,baby_care
B186,I003,Йогурт натуральный,Молочные продукты,1,kids_breakfast
B186,I065,Бананы,Фрукты,3,kids_breakfast
B186,I142,Хлопья кукурузные,Завтраки,1,kids_breakfast
B186,I149,Детское пюре яблочное,Детские товары,1,kids_breakfast
B186,I150,Детская каша,Детские товары,1,kids_breakfast
B186,I152,Влажные салфетки,Детские товары,1,kids_breakfast
B187,I006,Сыр гауда,Молочные продукты,1,burger_night
B187,I019,Булочки для бургеров,Хлеб,2,burger_night
B187,I025,Куриное филе,Мясо и птица,1,burger_night
B187,I027,Фарш говяжий,Мясо и птица,1,burger_night
B187,I032,Бекон,Мясо и птица,1,burger_night
B187,I046,Помидоры,Овощи,2,burger_night
B187,I051,Салат айсберг,Овощи,1,burger_night
B187,I069,Виноград,Фрукты,2,burger_night
B187,I102,Кетчуп,Соусы,1,burger_night
B187,I106,Горчица,Соусы,1,burger_night
B187,I129,Картофель фри замороженный,Заморозка,2,burger_night
B188,I006,Сыр гауда,Молочные продукты,1,mexican_tacos
B188,I018,Лаваш,Хлеб,1,mexican_tacos
B188,I046,Помидоры,Овощи,2,mexican_tacos
B188,I057,Авокадо,Овощи,1,mexican_tacos
B188,I062,Острый перец,Овощи,1,mexican_tacos
B188,I097,Фасоль консервированная,Консервы,1,mexican_tacos
B188,I098,Кукуруза консервированная,Консервы,1,mexican_tacos
B188,I107,Сальса,Соусы,1,mexican_tacos
B189,I046,Помидоры,Овощи,1,fruit_snack
B189,I060,Укроп,Овощи,1,fruit_snack
B189,I064,Яблоки,Фрукты,2,fruit_snack
B189,I065,Бананы,Фрукты,2,fruit_snack
B189,I066,Апельсины,Фрукты,1,fruit_snack
B189,I068,Груши,Фрукты,1,fruit_snack
B189,I084,Овсяные хлопья,Бакалея,1,fruit_snack
B189,I112,Корица,Специи,1,fruit_snack
B189,I137,Орехи грецкие,Снэки,1,fruit_snack
B189,I155,Наполнитель для кошачьего туалета,Зоотовары,1,fruit_snack
B190,I001,Молоко 2.5%,Молочные продукты,1,baking_sweet
B190,I007,Сливочное масло,Молочные продукты,1,baking_sweet
B190,I073,Киви,Фрукты,1,baking_sweet
B190,I093,Разрыхлитель теста,Бакалея,1,baking_sweet
B190,I094,Ванильный сахар,Бакалея,1,baking_sweet
B190,I132,Шоколад темный,Сладости,1,baking_sweet
B191,I026,Куриные бедра,Мясо и птица,1,chicken_soup
B191,I042,Картофель,Овощи,1,chicken_soup
B191,I043,Морковь,Овощи,2,chicken_soup
B191,I044,Лук репчатый,Овощи,2,chicken_soup
B191,I061,Петрушка,Овощи,1,chicken_soup
B191,I083,Лапша удон,Бакалея,1,chicken_soup
B191,I148,Суп куриный готовый,Готовая еда,1,chicken_soup
B192,I003,Йогурт натуральный,Молочные продукты,1,fruit_snack
B192,I025,Куриное филе,Мясо и птица,1,fruit_snack
B192,I064,Яблоки,Фрукты,2,fruit_snack
B192,I065,Бананы,Фрукты,3,fruit_snack
B192,I066,Апельсины,Фрукты,1,fruit_snack
B192,I068,Груши,Фрукты,1,fruit_snack
B192,I069,Виноград,Фрукты,2,fruit_snack
B192,I107,Сальса,Соусы,1,fruit_snack
B192,I133,Печенье овсяное,Сладости,2,fruit_snack
B192,I137,Орехи грецкие,Снэки,1,fruit_snack
B193,I006,Сыр гауда,Молочные продукты,1,burger_night
B193,I015,Хлеб пшеничный,Хлеб,1,burger_night
B193,I019,Булочки для бургеров,Хлеб,1,burger_night
B193,I027,Фарш говяжий,Мясо и птица,1,burger_night
B193,I032,Бекон,Мясо и птица,1,burger_night
B193,I046,Помидоры,Овощи,1,burger_night
B193,I051,Салат айсберг,Овощи,1,burger_night
B193,I061,Петрушка,Овощи,1,burger_night
B193,I064,Яблоки,Фрукты,1,burger_night
B193,I094,Ванильный сахар,Бакалея,1,burger_night
B193,I102,Кетчуп,Соусы,1,burger_night
B193,I106,Горчица,Соусы,1,burger_night
B194,I006,Сыр гауда,Молочные продукты,1,burger_night
B194,I019,Булочки для бургеров,Хлеб,1,burger_night
B194,I027,Фарш говяжий,Мясо и птица,1,burger_night
B194,I032,Бекон,Мясо и птица,1,burger_night
B194,I046,Помидоры,Овощи,1,burger_night
B194,I051,Салат айсберг,Овощи,1,burger_night
B194,I106,Горчица,Соусы,1,burger_night
B195,I001,Молоко 2.5%,Молочные продукты,3,russian_salads
B195,I023,Яйца C1 10 шт,Бакалея,1,russian_salads
B195,I033,Колбаса докторская,Мясо и птица,1,russian_salads
B195,I042,Картофель,Овощи,3,russian_salads
B195,I047,Огурцы,Овощи,2,russian_salads
B195,I060,Укроп,Овощи,1,russian_salads
B195,I071,Голубика,Фрукты,2,russian_salads
B195,I115,Кофе молотый,Напитки,1,russian_salads
B195,I119,Вода минеральная,Напитки,3,russian_salads
B195,I154,Корм для собак,Зоотовары,1,russian_salads
B196,I011,Сыр творожный,Молочные продукты,1,sandwiches
B196,I015,Хлеб пшеничный,Хлеб,2,sandwiches
B196,I017,Батон нарезной,Хлеб,2,sandwiches
B196,I034,Ветчина,Мясо и птица,1,sandwiches
B196,I046,Помидоры,Овощи,1,sandwiches
B196,I047,Огурцы,Овощи,2,sandwiches
B196,I060,Укроп,Овощи,1,sandwiches
B196,I069,Виноград,Фрукты,1,sandwiches
B196,I139,Чипсы картофельные,Снэки,1,sandwiches
B196,I144,Арахисовая паста,Завтраки,1,sandwiches
B197,I006,Сыр гауда,Молочные продукты,1,breakfast_basic
B197,I007,Сливочное масло,Молочные продукты,1,breakfast_basic
B197,I015,Хлеб пшеничный,Хлеб,2,breakfast_basic
B197,I023,Яйца C1 10 шт,Бакалея,1,breakfast_basic
B197,I065,Бананы,Фрукты,3,breakfast_basic
B197,I084,Овсяные хлопья,Бакалея,1,breakfast_basic
B197,I115,Кофе молотый,Напитки,1,breakfast_basic
B197,I134,Вафли,Сладости,2,breakfast_basic
B198,I039,Тунец консервированный,Рыба,1,salad_light
B198,I046,Помидоры,Овощи,1,salad_light
B198,I047,Огурцы,Овощи,3,salad_light
B198,I048,Перец болгарский,Овощи,1,salad_light
B198,I051,Салат айсберг,Овощи,1,salad_light
B198,I057,Авокадо,Овощи,1,salad_light
B198,I065,Бананы,Фрукты,2,salad_light
B198,I089,Оливковое масло,Бакалея,1,salad_light
B198,I098,Кукуруза консервированная,Консервы,1,salad_light
B198,I113,Чай черный,Напитки,1,salad_light
B198,I120,Газированная вода,Напитки,1,salad_light
B198,I129,Картофель фри замороженный,Заморозка,1,salad_light
B198,I144,Арахисовая паста,Завтраки,1,salad_light
B199,I006,Сыр гауда,Молочные продукты,1,burger_night
B199,I027,Фарш говяжий,Мясо и птица,1,burger_night
B199,I032,Бекон,Мясо и птица,1,burger_night
B199,I046,Помидоры,Овощи,1,burger_night
B199,I051,Салат айсберг,Овощи,1,burger_night
B199,I059,Зеленый лук,Овощи,2,burger_night
B199,I064,Яблоки,Фрукты,3,burger_night
B199,I106,Горчица,Соусы,1,burger_night
B199,I129,Картофель фри замороженный,Заморозка,2,burger_night
B200,I001,Молоко 2.5%,Молочные продукты,1,baby_care
B200,I003,Йогурт натуральный,Молочные продукты,1,baby_care
B200,I065,Бананы,Фрукты,1,baby_care
B200,I068,Груши,Фрукты,1,baby_care
B200,I133,Печенье овсяное,Сладости,1,baby_care
B200,I149,Детское пюре яблочное,Детские товары,1,baby_care
B200,I151,Подгузники,Детские товары,1,baby_care
B200,I152,Влажные салфетки,Детские товары,1,baby_care
B200,I156,Средство для посуды,Бытовая химия,1,baby_care
B201,I039,Тунец консервированный,Рыба,1,salad_light
B201,I046,Помидоры,Овощи,1,salad_light
B201,I047,Огурцы,Овощи,2,salad_light
B201,I048,Перец болгарский,Овощи,1,salad_light
B201,I051,Салат айсберг,Овощи,1,salad_light
B201,I057,Авокадо,Овощи,1,salad_light
B201,I067,Лимоны,Фрукты,1,salad_light
B201,I089,Оливковое масло,Бакалея,1,salad_light
B201,I123,Мороженое ванильное,Заморозка,2,salad_light
B202,I001,Молоко 2.5%,Молочные продукты,2,kids_breakfast
B202,I003,Йогурт натуральный,Молочные продукты,1,kids_breakfast
B202,I065,Бананы,Фрукты,1,kids_breakfast
B202,I117,Сок яблочный,Напитки,1,kids_breakfast
B202,I142,Хлопья кукурузные,Завтраки,1,kids_breakfast
B202,I150,Детская каша,Детские товары,1,kids_breakfast
B202,I152,Влажные салфетки,Детские товары,1,kids_breakfast
B202,I160,Пакеты для мусора,Дом,1,kids_breakfast
B203,I006,Сыр гауда,Молочные продукты,1,mexican_tacos
B203,I043,Морковь,Овощи,3,mexican_tacos
B203,I046,Помидоры,Овощи,3,mexican_tacos
B203,I057,Авокадо,Овощи,2,mexican_tacos
B203,I098,Кукуруза консервированная,Консервы,1,mexican_tacos
B203,I107,Сальса,Соусы,1,mexican_tacos
B204,I010,Пармезан,Молочные продукты,1,pasta_italian
B204,I020,Багет,Хлеб,1,pasta_italian
B204,I045,Чеснок,Овощи,1,pasta_italian
B204,I074,Манго,Фрукты,1,pasta_italian
B204,I081,Макароны спагетти,Бакалея,1,pasta_italian
B204,I089,Оливковое масло,Бакалея,1,pasta_italian
B204,I096,Томатная паста,Соусы,1,pasta_italian
B204,I101,Соус песто,Соусы,1,pasta_italian
B204,I111,Итальянские травы,Специи,1,pasta_italian
B204,I153,Корм для кошек,Зоотовары,1,pasta_italian
B205,I015,Хлеб пшеничный,Хлеб,2,party_snacks
B205,I078,Гречка,Бакалея,1,party_snacks
B205,I120,Газированная вода,Напитки,6,party_snacks
B205,I121,Квас,Напитки,1,party_snacks
B205,I123,Мороженое ванильное,Заморозка,1,party_snacks
B205,I128,Пицца замороженная,Заморозка,1,party_snacks
B205,I131,Шоколад молочный,Сладости,1,party_snacks
B205,I139,Чипсы картофельные,Снэки,1,party_snacks
B205,I140,Сухарики,Снэки,2,party_snacks
B206,I005,Сметана 20%,Молочные продукты,1,bbq_picnic
B206,I029,Свинина для жарки,Мясо и птица,1,bbq_picnic
B206,I046,Помидоры,Овощи,1,bbq_picnic
B206,I047,Огурцы,Овощи,2,bbq_picnic
B206,I102,Кетчуп,Соусы,1,bbq_picnic
B206,I120,Газированная вода,Напитки,1,bbq_picnic
B206,I131,Шоколад молочный,Сладости,1,bbq_picnic
B206,I139,Чипсы картофельные,Снэки,2,bbq_picnic
B207,I006,Сыр гауда,Молочные продукты,1,healthy_breakfast
B207,I013,Йогурт греческий,Молочные продукты,1,healthy_breakfast
B207,I014,Молоко безлактозное,Молочные продукты,1,healthy_breakfast
B207,I065,Бананы,Фрукты,2,healthy_breakfast
B207,I071,Голубика,Фрукты,1,healthy_breakfast
B207,I076,Рис длиннозерный,Бакалея,1,healthy_breakfast
B207,I135,Мед,Сладости,1,healthy_breakfast
B208,I001,Молоко 2.5%,Молочные продукты,1,breakfast_basic
B208,I006,Сыр гауда,Молочные продукты,1,breakfast_basic
B208,I015,Хлеб пшеничный,Хлеб,1,breakfast_basic
B208,I023,Яйца C1 10 шт,Бакалея,1,breakfast_basic
B208,I034,Ветчина,Мясо и птица,1,breakfast_basic
B208,I051,Салат айсберг,Овощи,1,breakfast_basic
B208,I057,Авокадо,Овощи,1,breakfast_basic
B208,I065,Бананы,Фрукты,3,breakfast_basic
B208,I084,Овсяные хлопья,Бакалея,1,breakfast_basic
B208,I115,Кофе молотый,Напитки,1,breakfast_basic
B209,I003,Йогурт натуральный,Молочные продукты,1,fruit_snack
B209,I047,Огурцы,Овощи,2,fruit_snack
B209,I064,Яблоки,Фрукты,2,fruit_snack
B209,I065,Бананы,Фрукты,1,fruit_snack
B209,I066,Апельсины,Фрукты,2,fruit_snack
B209,I068,Груши,Фрукты,2,fruit_snack
B209,I069,Виноград,Фрукты,1,fruit_snack
B209,I115,Кофе молотый,Напитки,1,fruit_snack
B209,I133,Печенье овсяное,Сладости,1,fruit_snack
B209,I137,Орехи грецкие,Снэки,2,fruit_snack
B210,I039,Тунец консервированный,Рыба,1,salad_light
B210,I046,Помидоры,Овощи,1,salad_light
B210,I047,Огурцы,Овощи,1,salad_light
B210,I048,Перец болгарский,Овощи,2,salad_light
B210,I051,Салат айсберг,Овощи,1,salad_light
B210,I098,Кукуруза консервированная,Консервы,1,salad_light
B210,I148,Суп куриный готовый,Готовая еда,1,salad_light
B211,I006,Сыр гауда,Молочные продукты,1,breakfast_basic
B211,I007,Сливочное масло,Молочные продукты,1,breakfast_basic
B211,I015,Хлеб пшеничный,Хлеб,1,breakfast_basic
B211,I023,Яйца C1 10 шт,Бакалея,1,breakfast_basic
B211,I048,Перец болгарский,Овощи,2,breakfast_basic
B211,I059,Зеленый лук,Овощи,2,breakfast_basic
B211,I065,Бананы,Фрукты,2,breakfast_basic
B211,I074,Манго,Фрукты,1,breakfast_basic
B211,I084,Овсяные хлопья,Бакалея,1,breakfast_basic
B211,I115,Кофе молотый,Напитки,1,breakfast_basic
B211,I119,Вода минеральная,Напитки,1,breakfast_basic
B212,I009,Моцарелла,Молочные продукты,1,lasagna_pasta
B212,I010,Пармезан,Молочные продукты,1,lasagna_pasta
B212,I027,Фарш говяжий,Мясо и птица,1,lasagna_pasta
B212,I053,Шампиньоны,Овощи,1,lasagna_pasta
B212,I096,Томатная паста,Соусы,1,lasagna_pasta
B212,I111,Итальянские травы,Специи,1,lasagna_pasta
B212,I142,Хлопья кукурузные,Завтраки,1,lasagna_pasta
B212,I160,Пакеты для мусора,Дом,1,lasagna_pasta
B213,I036,Лосось филе,Рыба,1,fish_dinner
B213,I047,Огурцы,Овощи,3,fish_dinner
B213,I052,Шпинат,Овощи,2,fish_dinner
B213,I067,Лимоны,Фрукты,1,fish_dinner
B213,I076,Рис длиннозерный,Бакалея,1,fish_dinner
B213,I089,Оливковое масло,Бакалея,1,fish_dinner
B213,I109,Черный перец,Специи,1,fish_dinner
B213,I119,Вода минеральная,Напитки,4,fish_dinner
B214,I018,Лаваш,Хлеб,1,mexican_tacos
B214,I027,Фарш говяжий,Мясо и птица,1,mexican_tacos
B214,I040,Сельдь слабосоленая,Рыба,1,mexican_tacos
B214,I046,Помидоры,Овощи,3,mexican_tacos
B214,I062,Острый перец,Овощи,2,mexican_tacos
B214,I097,Фасоль консервированная,Консервы,1,mexican_tacos
B214,I098,Кукуруза консервированная,Консервы,1,mexican_tacos
B215,I025,Куриное филе,Мясо и птица,1,curry_dinner
B215,I045,Чеснок,Овощи,1,curry_dinner
B215,I048,Перец болгарский,Овощи,1,curry_dinner
B215,I056,Брокколи,Овощи,1,curry_dinner
B215,I063,Имбирь,Овощи,1,curry_dinner
B215,I067,Лимоны,Фрукты,1,curry_dinner
B215,I076,Рис длиннозерный,Бакалея,1,curry_dinner
B215,I090,Кокосовое молоко,Бакалея,1,curry_dinner
B215,I108,Карри паста,Соусы,1,curry_dinner
B216,I001,Молоко 2.5%,Молочные продукты,3,tea_sweets
B216,I021,Круассаны,Хлеб,1,tea_sweets
B216,I115,Кофе молотый,Напитки,1,tea_sweets
B216,I131,Шоколад молочный,Сладости,1,tea_sweets
B216,I133,Печенье овсяное,Сладости,1,tea_sweets
B216,I134,Вафли,Сладости,1,tea_sweets
B216,I136,Джем клубничный,Сладости,1,tea_sweets
B217,I001,Молоко 2.5%,Молочные продукты,1,fruit_snack
B217,I064,Яблоки,Фрукты,1,fruit_snack
B217,I065,Бананы,Фрукты,3,fruit_snack
B217,I066,Апельсины,Фрукты,1,fruit_snack
B217,I068,Груши,Фрукты,1,fruit_snack
B217,I069,Виноград,Фрукты,1,fruit_snack
B217,I133,Печенье овсяное,Сладости,1,fruit_snack
B217,I137,Орехи грецкие,Снэки,2,fruit_snack
B218,I013,Йогурт греческий,Молочные продукты,1,healthy_breakfast
B218,I014,Молоко безлактозное,Молочные продукты,1,healthy_breakfast
B218,I065,Бананы,Фрукты,1,healthy_breakfast
B218,I084,Овсяные хлопья,Бакалея,1,healthy_breakfast
B218,I135,Мед,Сладости,1,healthy_breakfast
B218,I137,Орехи грецкие,Снэки,1,healthy_breakfast
B218,I143,Гранола,Завтраки,1,healthy_breakfast
B219,I023,Яйца C1 10 шт,Бакалея,2,baking_sweet
B219,I045,Чеснок,Овощи,1,baking_sweet
B219,I059,Зеленый лук,Овощи,1,baking_sweet
B219,I063,Имбирь,Овощи,1,baking_sweet
B219,I085,Мука пшеничная,Бакалея,1,baking_sweet
B219,I086,Сахар,Бакалея,1,baking_sweet
B219,I093,Разрыхлитель теста,Бакалея,1,baking_sweet
B219,I094,Ванильный сахар,Бакалея,1,baking_sweet
B219,I095,Какао порошок,Бакалея,1,baking_sweet
B219,I132,Шоколад темный,Сладости,1,baking_sweet
B219,I156,Средство для посуды,Бытовая химия,1,baking_sweet
B219,I160,Пакеты для мусора,Дом,2,baking_sweet
B220,I023,Яйца C1 10 шт,Бакалея,1,veggie_stew
B220,I044,Лук репчатый,Овощи,3,veggie_stew
B220,I048,Перец болгарский,Овощи,1,veggie_stew
B220,I053,Шампиньоны,Овощи,1,veggie_stew
B220,I054,Кабачки,Овощи,1,veggie_stew
B220,I055,Баклажаны,Овощи,2,veggie_stew
B220,I089,Оливковое масло,Бакалея,1,veggie_stew
B220,I111,Итальянские травы,Специи,1,veggie_stew
B221,I026,Куриные бедра,Мясо и птица,1,chicken_soup
B221,I038,Креветки очищенные,Рыба,1,chicken_soup
B221,I043,Морковь,Овощи,2,chicken_soup
B221,I044,Лук репчатый,Овощи,1,chicken_soup
B221,I083,Лапша удон,Бакалея,1,chicken_soup
B221,I148,Суп куриный готовый,Готовая еда,1,chicken_soup
B222,I001,Молоко 2.5%,Молочные продукты,1,baby_care
B222,I064,Яблоки,Фрукты,1,baby_care
B222,I065,Бананы,Фрукты,1,baby_care
B222,I068,Груши,Фрукты,1,baby_care
B222,I133,Печенье овсяное,Сладости,2,baby_care
B222,I149,Детское пюре яблочное,Детские товары,1,baby_care
B222,I150,Детская каша,Детские товары,1,baby_care
B222,I152,Влажные салфетки,Детские товары,1,baby_care
B223,I005,Сметана 20%,Молочные продукты,1,borsch_soup
B223,I016,Хлеб ржаной,Хлеб,1,borsch_soup
B223,I030,Говядина стейк,Мясо и птица,1,borsch_soup
B223,I042,Картофель,Овощи,2,borsch_soup
B223,I043,Морковь,Овощи,3,borsch_soup
B223,I044,Лук репчатый,Овощи,2,borsch_soup
B223,I050,Свекла,Овощи,2,borsch_soup
B223,I131,Шоколад молочный,Сладости,1,borsch_soup
B223,I138,Миндаль,Снэки,1,borsch_soup
B224,I001,Молоко 2.5%,Молочные продукты,2,kids_breakfast
B224,I003,Йогурт натуральный,Молочные продукты,1,kids_breakfast
B224,I065,Бананы,Фрукты,1,kids_breakfast
B224,I117,Сок яблочный,Напитки,1,kids_breakfast
B224,I119,Вода минеральная,Напитки,1,kids_breakfast
B224,I133,Печенье овсяное,Сладости,1,kids_breakfast
B224,I149,Детское пюре яблочное,Детские товары,1,kids_breakfast
B224,I152,Влажные салфетки,Детские товары,1,kids_breakfast
B225,I001,Молоко 2.5%,Молочные продукты,1,weekly_stock
B225,I006,Сыр гауда,Молочные продукты,1,weekly_stock
B225,I015,Хлеб пшеничный,Хлеб,1,weekly_stock
B225,I023,Яйца C1 10 шт,Бакалея,1,weekly_stock
B225,I025,Куриное филе,Мясо и птица,1,weekly_stock
B225,I042,Картофель,Овощи,3,weekly_stock
B225,I057,Авокадо,Овощи,2,weekly_stock
B225,I061,Петрушка,Овощи,1,weekly_stock
B225,I064,Яблоки,Фрукты,2,weekly_stock
B225,I076,Рис длиннозерный,Бакалея,1,weekly_stock
B225,I078,Гречка,Бакалея,1,weekly_stock
B225,I084,Овсяные хлопья,Бакалея,1,weekly_stock
B225,I113,Чай черный,Напитки,1,weekly_stock
B225,I119,Вода минеральная,Напитки,2,weekly_stock
B225,I157,Порошок стиральный,Бытовая химия,1,weekly_stock
B226,I001,Молоко 2.5%,Молочные продукты,1,breakfast_basic
B226,I006,Сыр гауда,Молочные продукты,1,breakfast_basic
B226,I015,Хлеб пшеничный,Хлеб,2,breakfast_basic
B226,I023,Яйца C1 10 шт,Бакалея,1,breakfast_basic
B226,I049,Капуста белокочанная,Овощи,1,breakfast_basic
B226,I065,Бананы,Фрукты,3,breakfast_basic
B226,I084,Овсяные хлопья,Бакалея,1,breakfast_basic
B226,I113,Чай черный,Напитки,1,breakfast_basic
B226,I115,Кофе молотый,Напитки,1,breakfast_basic
B226,I148,Суп куриный готовый,Готовая еда,1,breakfast_basic
B226,I153,Корм для кошек,Зоотовары,1,breakfast_basic
B227,I015,Хлеб пшеничный,Хлеб,1,fruit_snack
B227,I044,Лук репчатый,Овощи,3,fruit_snack
B227,I064,Яблоки,Фрукты,2,fruit_snack
B227,I065,Бананы,Фрукты,1,fruit_snack
B227,I066,Апельсины,Фрукты,2,fruit_snack
B227,I069,Виноград,Фрукты,1,fruit_snack
B227,I119,Вода минеральная,Напитки,6,fruit_snack
B227,I133,Печенье овсяное,Сладости,2,fruit_snack
B227,I137,Орехи грецкие,Снэки,1,fruit_snack
B228,I006,Сыр гауда,Молочные продукты,1,breakfast_basic
B228,I007,Сливочное масло,Молочные продукты,1,breakfast_basic
B228,I015,Хлеб пшеничный,Хлеб,2,breakfast_basic
B228,I023,Яйца C1 10 шт,Бакалея,1,breakfast_basic
B228,I047,Огурцы,Овощи,2,breakfast_basic
B228,I064,Яблоки,Фрукты,1,breakfast_basic
B228,I065,Бананы,Фрукты,3,breakfast_basic
B228,I067,Лимоны,Фрукты,1,breakfast_basic
B228,I069,Виноград,Фрукты,1,breakfast_basic
B228,I084,Овсяные хлопья,Бакалея,1,breakfast_basic
B228,I115,Кофе молотый,Напитки,1,breakfast_basic
B228,I156,Средство для посуды,Бытовая химия,1,breakfast_basic
B229,I001,Молоко 2.5%,Молочные продукты,1,weekly_stock
B229,I006,Сыр гауда,Молочные продукты,1,weekly_stock
B229,I015,Хлеб пшеничный,Хлеб,1,weekly_stock
B229,I023,Яйца C1 10 шт,Бакалея,1,weekly_stock
B229,I025,Куриное филе,Мясо и птица,1,weekly_stock
B229,I042,Картофель,Овощи,1,weekly_stock
B229,I044,Лук репчатый,Овощи,2,weekly_stock
B229,I064,Яблоки,Фрукты,1,weekly_stock
B229,I078,Гречка,Бакалея,1,weekly_stock
B229,I088,Подсолнечное масло,Бакалея,1,weekly_stock
B230,I038,Креветки очищенные,Рыба,1,seafood_asian
B230,I045,Чеснок,Овощи,1,seafood_asian
B230,I056,Брокколи,Овощи,2,seafood_asian
B230,I059,Зеленый лук,Овощи,1,seafood_asian
B230,I062,Острый перец,Овощи,1,seafood_asian
B230,I065,Бананы,Фрукты,1,seafood_asian
B230,I083,Лапша удон,Бакалея,1,seafood_asian
B230,I105,Соус терияки,Соусы,1,seafood_asian
B231,I025,Куриное филе,Мясо и птица,1,curry_dinner
B231,I056,Брокколи,Овощи,1,curry_dinner
B231,I061,Петрушка,Овощи,1,curry_dinner
B231,I063,Имбирь,Овощи,1,curry_dinner
B231,I067,Лимоны,Фрукты,1,curry_dinner
B231,I071,Голубика,Фрукты,1,curry_dinner
B231,I076,Рис длиннозерный,Бакалея,1,curry_dinner
B231,I090,Кокосовое молоко,Бакалея,1,curry_dinner
B231,I108,Карри паста,Соусы,1,curry_dinner
B231,I115,Кофе молотый,Напитки,1,curry_dinner
B232,I003,Йогурт натуральный,Молочные продукты,1,office_lunch
B232,I065,Бананы,Фрукты,1,office_lunch
B232,I115,Кофе молотый,Напитки,1,office_lunch
B232,I116,Кофе зерновой,Напитки,1,office_lunch
B232,I119,Вода минеральная,Напитки,3,office_lunch
B232,I132,Шоколад темный,Сладости,1,office_lunch
B232,I146,Салат цезарь готовый,Готовая еда,1,office_lunch
B232,I147,Сэндвич с курицей,Готовая еда,1,office_lunch
B233,I001,Молоко 2.5%,Молочные продукты,1,baby_care
B233,I003,Йогурт натуральный,Молочные продукты,1,baby_care
B233,I065,Бананы,Фрукты,2,baby_care
B233,I149,Детское пюре яблочное,Детские товары,1,baby_care
B233,I150,Детская каша,Детские товары,1,baby_care
B233,I151,Подгузники,Детские товары,1,baby_care
B233,I152,Влажные салфетки,Детские товары,1,baby_care
B234,I001,Молоко 2.5%,Молочные продукты,2,big_family_stock
B234,I005,Сметана 20%,Молочные продукты,1,big_family_stock
B234,I017,Батон нарезной,Хлеб,2,big_family_stock
B234,I023,Яйца C1 10 шт,Бакалея,2,big_family_stock
B234,I026,Куриные бедра,Мясо и птица,1,big_family_stock
B234,I027,Фарш говяжий,Мясо и птица,1,big_family_stock
B234,I059,Зеленый лук,Овощи,1,big_family_stock
B234,I064,Яблоки,Фрукты,1,big_family_stock
B234,I071,Голубика,Фрукты,1,big_family_stock
B234,I078,Гречка,Бакалея,1,big_family_stock
B234,I113,Чай черный,Напитки,1,big_family_stock
B234,I158,Бумажные полотенца,Дом,1,big_family_stock
B234,I159,Туалетная бумага,Дом,1,big_family_stock
B234,I160,Пакеты для мусора,Дом,2,big_family_stock
B235,I036,Лосось филе,Рыба,1,fish_dinner
B235,I047,Огурцы,Овощи,2,fish_dinner
B235,I052,Шпинат,Овощи,1,fish_dinner
B235,I067,Лимоны,Фрукты,1,fish_dinner
B235,I076,Рис длиннозерный,Бакалея,1,fish_dinner
B235,I089,Оливковое масло,Бакалея,1,fish_dinner
B235,I109,Черный перец,Специи,1,fish_dinner
B235,I119,Вода минеральная,Напитки,4,fish_dinner
B236,I001,Молоко 2.5%,Молочные продукты,3,big_family_stock
B236,I023,Яйца C1 10 шт,Бакалея,1,big_family_stock
B236,I026,Куриные бедра,Мясо и птица,1,big_family_stock
B236,I027,Фарш говяжий,Мясо и птица,1,big_family_stock
B236,I042,Картофель,Овощи,1,big_family_stock
B236,I051,Салат айсберг,Овощи,2,big_family_stock
B236,I067,Лимоны,Фрукты,1,big_family_stock
B236,I078,Гречка,Бакалея,1,big_family_stock
B236,I082,Макароны пенне,Бакалея,1,big_family_stock
B236,I086,Сахар,Бакалея,1,big_family_stock
B236,I113,Чай черный,Напитки,1,big_family_stock
B236,I158,Бумажные полотенца,Дом,1,big_family_stock
B236,I159,Туалетная бумага,Дом,1,big_family_stock
B237,I038,Креветки очищенные,Рыба,1,seafood_asian
B237,I045,Чеснок,Овощи,1,seafood_asian
B237,I059,Зеленый лук,Овощи,1,seafood_asian
B237,I062,Острый перец,Овощи,1,seafood_asian
B237,I063,Имбирь,Овощи,1,seafood_asian
B237,I104,Соевый соус,Соусы,1,seafood_asian
B237,I105,Соус терияки,Соусы,1,seafood_asian
B238,I001,Молоко 2.5%,Молочные продукты,1,kids_breakfast
B238,I065,Бананы,Фрукты,2,kids_breakfast
B238,I117,Сок яблочный,Напитки,1,kids_breakfast
B238,I142,Хлопья кукурузные,Завтраки,1,kids_breakfast
B238,I149,Детское пюре яблочное,Детские товары,1,kids_breakfast
B238,I150,Детская каша,Детские товары,1,kids_breakfast
B239,I005,Сметана 20%,Молочные продукты,1,household_cleaning
B239,I042,Картофель,Овощи,1,household_cleaning
B239,I119,Вода минеральная,Напитки,1,household_cleaning
B239,I152,Влажные салфетки,Детские товары,1,household_cleaning
B239,I157,Порошок стиральный,Бытовая химия,2,household_cleaning
B239,I158,Бумажные полотенца,Дом,1,household_cleaning
B239,I160,Пакеты для мусора,Дом,1,household_cleaning
B240,I001,Молоко 2.5%,Молочные продукты,2,weekly_stock
B240,I006,Сыр гауда,Молочные продукты,1,weekly_stock
B240,I015,Хлеб пшеничный,Хлеб,2,weekly_stock
B240,I025,Куриное филе,Мясо и птица,1,weekly_stock
B240,I042,Картофель,Овощи,1,weekly_stock
B240,I048,Перец болгарский,Овощи,1,weekly_stock
B240,I051,Салат айсберг,Овощи,2,weekly_stock
B240,I060,Укроп,Овощи,1,weekly_stock
B240,I061,Петрушка,Овощи,1,weekly_stock
B240,I064,Яблоки,Фрукты,2,weekly_stock
B240,I078,Гречка,Бакалея,1,weekly_stock
B240,I088,Подсолнечное масло,Бакалея,1,weekly_stock
B240,I113,Чай черный,Напитки,1,weekly_stock
B240,I115,Кофе молотый,Напитки,1,weekly_stock
B240,I131,Шоколад молочный,Сладости,2,weekly_stock
B241,I057,Авокадо,Овощи,1,party_snacks
B241,I065,Бананы,Фрукты,2,party_snacks
B241,I097,Фасоль консервированная,Консервы,1,party_snacks
B241,I108,Карри паста,Соусы,1,party_snacks
B241,I120,Газированная вода,Напитки,6,party_snacks
B241,I121,Квас,Напитки,6,party_snacks
B241,I123,Мороженое ванильное,Заморозка,1,party_snacks
B241,I128,Пицца замороженная,Заморозка,1,party_snacks
B241,I131,Шоколад молочный,Сладости,2,party_snacks
B241,I133,Печенье овсяное,Сладости,1,party_snacks
B241,I139,Чипсы картофельные,Снэки,1,party_snacks
B241,I140,Сухарики,Снэки,1,party_snacks
B242,I014,Молоко безлактозное,Молочные продукты,3,healthy_breakfast
B242,I052,Шпинат,Овощи,1,healthy_breakfast
B242,I065,Бананы,Фрукты,1,healthy_breakfast
B242,I071,Голубика,Фрукты,1,healthy_breakfast
B242,I084,Овсяные хлопья,Бакалея,1,healthy_breakfast
B242,I129,Картофель фри замороженный,Заморозка,1,healthy_breakfast
B242,I135,Мед,Сладости,2,healthy_breakfast
B242,I137,Орехи грецкие,Снэки,1,healthy_breakfast
B243,I026,Куриные бедра,Мясо и птица,1,chicken_soup
B243,I042,Картофель,Овощи,1,chicken_soup
B243,I043,Морковь,Овощи,1,chicken_soup
B243,I061,Петрушка,Овощи,1,chicken_soup
B243,I083,Лапша удон,Бакалея,1,chicken_soup
B243,I109,Черный перец,Специи,1,chicken_soup
B243,I123,Мороженое ванильное,Заморозка,1,chicken_soup
B243,I148,Суп куриный готовый,Готовая еда,1,chicken_soup
B244,I020,Багет,Хлеб,1,pasta_italian
B244,I037,Треска филе,Рыба,1,pasta_italian
B244,I045,Чеснок,Овощи,1,pasta_italian
B244,I081,Макароны спагетти,Бакалея,1,pasta_italian
B244,I089,Оливковое масло,Бакалея,1,pasta_italian
B244,I096,Томатная паста,Соусы,1,pasta_italian
B244,I101,Соус песто,Соусы,1,pasta_italian
B244,I111,Итальянские травы,Специи,1,pasta_italian
B244,I115,Кофе молотый,Напитки,1,pasta_italian
B244,I148,Суп куриный готовый,Готовая еда,1,pasta_italian
B245,I019,Булочки для бургеров,Хлеб,1,burger_night
B245,I027,Фарш говяжий,Мясо и птица,1,burger_night
B245,I032,Бекон,Мясо и птица,1,burger_night
B245,I046,Помидоры,Овощи,1,burger_night
B245,I048,Перец болгарский,Овощи,1,burger_night
B245,I051,Салат айсберг,Овощи,1,burger_night
B245,I053,Шампиньоны,Овощи,1,burger_night
B245,I064,Яблоки,Фрукты,2,burger_night
B245,I102,Кетчуп,Соусы,1,burger_night
B245,I106,Горчица,Соусы,1,burger_night
B245,I129,Картофель фри замороженный,Заморозка,1,burger_night
B245,I149,Детское пюре яблочное,Детские товары,1,burger_night
B245,I160,Пакеты для мусора,Дом,1,burger_night
B246,I001,Молоко 2.5%,Молочные продукты,1,baking_sweet
B246,I023,Яйца C1 10 шт,Бакалея,1,baking_sweet
B246,I051,Салат айсберг,Овощи,1,baking_sweet
B246,I053,Шампиньоны,Овощи,1,baking_sweet
B246,I067,Лимоны,Фрукты,1,baking_sweet
B246,I069,Виноград,Фрукты,1,baking_sweet
B246,I086,Сахар,Бакалея,1,baking_sweet
B246,I093,Разрыхлитель теста,Бакалея,1,baking_sweet
B246,I094,Ванильный сахар,Бакалея,1,baking_sweet
B246,I095,Какао порошок,Бакалея,1,baking_sweet
B246,I132,Шоколад темный,Сладости,1,baking_sweet
B247,I025,Куриное филе,Мясо и птица,1,frozen_quick
B247,I061,Петрушка,Овощи,1,frozen_quick
B247,I123,Мороженое ванильное,Заморозка,2,frozen_quick
B247,I125,Вареники с картофелем,Заморозка,2,frozen_quick
B247,I126,Овощная смесь замороженная,Заморозка,1,frozen_quick
B247,I128,Пицца замороженная,Заморозка,1,frozen_quick
B247,I131,Шоколад молочный,Сладости,1,frozen_quick
B248,I015,Хлеб пшеничный,Хлеб,2,fruit_snack
B248,I051,Салат айсберг,Овощи,1,fruit_snack
B248,I059,Зеленый лук,Овощи,1,fruit_snack
B248,I065,Бананы,Фрукты,1,fruit_snack
B248,I066,Апельсины,Фрукты,1,fruit_snack
B248,I069,Виноград,Фрукты,1,fruit_snack
B248,I133,Печенье овсяное,Сладости,2,fruit_snack
B248,I137,Орехи грецкие,Снэки,2,fruit_snack
B249,I064,Яблоки,Фрукты,2,fruit_snack
B249,I065,Бананы,Фрукты,1,fruit_snack
B249,I066,Апельсины,Фрукты,1,fruit_snack
B249,I068,Груши,Фрукты,1,fruit_snack
B249,I115,Кофе молотый,Напитки,1,fruit_snack
B249,I119,Вода минеральная,Напитки,2,fruit_snack
B249,I133,Печенье овсяное,Сладости,1,fruit_snack
B249,I137,Орехи грецкие,Снэки,2,fruit_snack
B250,I038,Креветки очищенные,Рыба,1,seafood_asian
B250,I045,Чеснок,Овощи,1,seafood_asian
B250,I049,Капуста белокочанная,Овощи,1,seafood_asian
B250,I056,Брокколи,Овощи,1,seafood_asian
B250,I059,Зеленый лук,Овощи,1,seafood_asian
B250,I063,Имбирь,Овощи,1,seafood_asian
B250,I083,Лапша удон,Бакалея,1,seafood_asian
B250,I104,Соевый соус,Соусы,1,seafood_asian
B250,I144,Арахисовая паста,Завтраки,1,seafood_asian
B251,I003,Йогурт натуральный,Молочные продукты,1,fruit_snack
B251,I064,Яблоки,Фрукты,1,fruit_snack
B251,I066,Апельсины,Фрукты,2,fruit_snack
B251,I069,Виноград,Фрукты,1,fruit_snack
B251,I083,Лапша удон,Бакалея,1,fruit_snack
B251,I133,Печенье овсяное,Сладости,2,fruit_snack
B251,I137,Орехи грецкие,Снэки,1,fruit_snack
B252,I003,Йогурт натуральный,Молочные продукты,1,fruit_snack
B252,I006,Сыр гауда,Молочные продукты,1,fruit_snack
B252,I043,Морковь,Овощи,1,fruit_snack
B252,I065,Бананы,Фрукты,2,fruit_snack
B252,I066,Апельсины,Фрукты,1,fruit_snack
B252,I068,Груши,Фрукты,1,fruit_snack
B252,I069,Виноград,Фрукты,1,fruit_snack
B252,I133,Печенье овсяное,Сладости,1,fruit_snack
B252,I137,Орехи грецкие,Снэки,1,fruit_snack
B252,I146,Салат цезарь готовый,Готовая еда,1,fruit_snack
B252,I152,Влажные салфетки,Детские товары,1,fruit_snack
B252,I157,Порошок стиральный,Бытовая химия,2,fruit_snack
B253,I023,Яйца C1 10 шт,Бакалея,2,salad_light
B253,I042,Картофель,Овощи,1,salad_light
B253,I046,Помидоры,Овощи,2,salad_light
B253,I047,Огурцы,Овощи,2,salad_light
B253,I048,Перец болгарский,Овощи,1,salad_light
B253,I051,Салат айсберг,Овощи,1,salad_light
B253,I057,Авокадо,Овощи,1,salad_light
B253,I065,Бананы,Фрукты,1,salad_light
B253,I067,Лимоны,Фрукты,1,salad_light
B253,I084,Овсяные хлопья,Бакалея,1,salad_light
B253,I089,Оливковое масло,Бакалея,1,salad_light
B253,I098,Кукуруза консервированная,Консервы,1,salad_light
B253,I113,Чай черный,Напитки,1,salad_light
B253,I156,Средство для посуды,Бытовая химия,1,salad_light
B254,I001,Молоко 2.5%,Молочные продукты,2,baking_sweet
B254,I007,Сливочное масло,Молочные продукты,1,baking_sweet
B254,I023,Яйца C1 10 шт,Бакалея,1,baking_sweet
B254,I085,Мука пшеничная,Бакалея,1,baking_sweet
B254,I086,Сахар,Бакалея,1,baking_sweet
B254,I093,Разрыхлитель теста,Бакалея,1,baking_sweet
B254,I095,Какао порошок,Бакалея,1,baking_sweet
B254,I111,Итальянские травы,Специи,1,baking_sweet
B254,I132,Шоколад темный,Сладости,2,baking_sweet
B254,I150,Детская каша,Детские товары,1,baking_sweet
B255,I006,Сыр гауда,Молочные продукты,1,sandwiches
B255,I011,Сыр творожный,Молочные продукты,1,sandwiches
B255,I015,Хлеб пшеничный,Хлеб,2,sandwiches
B255,I017,Батон нарезной,Хлеб,2,sandwiches
B255,I034,Ветчина,Мясо и птица,1,sandwiches
B255,I051,Салат айсберг,Овощи,1,sandwiches
B255,I064,Яблоки,Фрукты,1,sandwiches
B256,I001,Молоко 2.5%,Молочные продукты,2,baby_care
B256,I003,Йогурт натуральный,Молочные продукты,1,baby_care
B256,I004,Творог 5%,Молочные продукты,1,baby_care
B256,I133,Печенье овсяное,Сладости,2,baby_care
B256,I149,Детское пюре яблочное,Детские товары,1,baby_care
B256,I150,Детская каша,Детские товары,1,baby_care
B256,I151,Подгузники,Детские товары,1,baby_care
B256,I152,Влажные салфетки,Детские товары,1,baby_care
B257,I001,Молоко 2.5%,Молочные продукты,1,weekly_stock
B257,I015,Хлеб пшеничный,Хлеб,1,weekly_stock
B257,I023,Яйца C1 10 шт,Бакалея,1,weekly_stock
B257,I025,Куриное филе,Мясо и птица,1,weekly_stock
B257,I042,Картофель,Овощи,1,weekly_stock
B257,I047,Огурцы,Овощи,2,weekly_stock
B257,I051,Салат айсберг,Овощи,1,weekly_stock
B257,I060,Укроп,Овощи,1,weekly_stock
B257,I061,Петрушка,Овощи,1,weekly_stock
B257,I064,Яблоки,Фрукты,1,weekly_stock
B257,I065,Бананы,Фрукты,2,weekly_stock
B257,I067,Лимоны,Фрукты,1,weekly_stock
B257,I078,Гречка,Бакалея,1,weekly_stock
B257,I088,Подсолнечное масло,Бакалея,1,weekly_stock
B257,I119,Вода минеральная,Напитки,2,weekly_stock
B258,I001,Молоко 2.5%,Молочные продукты,1,weekly_stock
B258,I006,Сыр гауда,Молочные продукты,1,weekly_stock
B258,I015,Хлеб пшеничный,Хлеб,1,weekly_stock
B258,I025,Куриное филе,Мясо и птица,1,weekly_stock
B258,I042,Картофель,Овощи,2,weekly_stock
B258,I044,Лук репчатый,Овощи,1,weekly_stock
B258,I064,Яблоки,Фрукты,3,weekly_stock
B258,I076,Рис длиннозерный,Бакалея,1,weekly_stock
B258,I078,Гречка,Бакалея,1,weekly_stock
B258,I088,Подсолнечное масло,Бакалея,1,weekly_stock
B258,I119,Вода минеральная,Напитки,2,weekly_stock
B259,I046,Помидоры,Овощи,3,veggie_stew
B259,I048,Перец болгарский,Овощи,1,veggie_stew
B259,I051,Салат айсберг,Овощи,2,veggie_stew
B259,I053,Шампиньоны,Овощи,1,veggie_stew
B259,I054,Кабачки,Овощи,2,veggie_stew
B259,I055,Баклажаны,Овощи,2,veggie_stew
B259,I079,Булгур,Бакалея,1,veggie_stew
B259,I089,Оливковое масло,Бакалея,1,veggie_stew
B259,I111,Итальянские травы,Специи,1,veggie_stew
B260,I008,Сливки 10%,Молочные продукты,1,lasagna_pasta
B260,I009,Моцарелла,Молочные продукты,1,lasagna_pasta
B260,I010,Пармезан,Молочные продукты,1,lasagna_pasta
B260,I027,Фарш говяжий,Мясо и птица,1,lasagna_pasta
B260,I053,Шампиньоны,Овощи,1,lasagna_pasta
B260,I058,Редис,Овощи,1,lasagna_pasta
B260,I070,Клубника,Фрукты,2,lasagna_pasta
B260,I082,Макароны пенне,Бакалея,1,lasagna_pasta
B260,I111,Итальянские травы,Специи,1,lasagna_pasta
B261,I005,Сметана 20%,Молочные продукты,1,borsch_soup
B261,I016,Хлеб ржаной,Хлеб,2,borsch_soup
B261,I030,Говядина стейк,Мясо и птица,1,borsch_soup
B261,I042,Картофель,Овощи,1,borsch_soup
B261,I044,Лук репчатый,Овощи,2,borsch_soup
B261,I045,Чеснок,Овощи,1,borsch_soup
B261,I050,Свекла,Овощи,1,borsch_soup
B261,I060,Укроп,Овощи,1,borsch_soup
B262,I001,Молоко 2.5%,Молочные продукты,3,big_family_stock
B262,I017,Батон нарезной,Хлеб,2,big_family_stock
B262,I023,Яйца C1 10 шт,Бакалея,1,big_family_stock
B262,I026,Куриные бедра,Мясо и птица,1,big_family_stock
B262,I027,Фарш говяжий,Мясо и птица,1,big_family_stock
B262,I048,Перец болгарский,Овощи,1,big_family_stock
B262,I065,Бананы,Фрукты,1,big_family_stock
B262,I078,Гречка,Бакалея,1,big_family_stock
B262,I082,Макароны пенне,Бакалея,1,big_family_stock
B262,I086,Сахар,Бакалея,1,big_family_stock
B262,I096,Томатная паста,Соусы,1,big_family_stock
B262,I113,Чай черный,Напитки,1,big_family_stock
B262,I119,Вода минеральная,Напитки,1,big_family_stock
B262,I158,Бумажные полотенца,Дом,1,big_family_stock
B262,I159,Туалетная бумага,Дом,2,big_family_stock
B263,I025,Куриное филе,Мясо и птица,1,fitness_protein
B263,I052,Шпинат,Овощи,2,fitness_protein
B263,I056,Брокколи,Овощи,1,fitness_protein
B263,I057,Авокадо,Овощи,1,fitness_protein
B263,I080,Киноа,Бакалея,1,fitness_protein
B263,I119,Вода минеральная,Напитки,4,fitness_protein
B263,I138,Миндаль,Снэки,1,fitness_protein
B264,I001,Молоко 2.5%,Молочные продукты,1,big_family_stock
B264,I017,Батон нарезной,Хлеб,2,big_family_stock
B264,I023,Яйца C1 10 шт,Бакалея,2,big_family_stock
B264,I026,Куриные бедра,Мясо и птица,1,big_family_stock
B264,I027,Фарш говяжий,Мясо и птица,1,big_family_stock
B264,I042,Картофель,Овощи,1,big_family_stock
B264,I078,Гречка,Бакалея,1,big_family_stock
B264,I082,Макароны пенне,Бакалея,1,big_family_stock
B264,I086,Сахар,Бакалея,1,big_family_stock
B264,I113,Чай черный,Напитки,1,big_family_stock
B264,I123,Мороженое ванильное,Заморозка,1,big_family_stock
B264,I158,Бумажные полотенца,Дом,1,big_family_stock
B264,I159,Туалетная бумага,Дом,1,big_family_stock
B265,I023,Яйца C1 10 шт,Бакалея,1,veggie_stew
B265,I045,Чеснок,Овощи,1,veggie_stew
B265,I048,Перец болгарский,Овощи,1,veggie_stew
B265,I054,Кабачки,Овощи,1,veggie_stew
B265,I055,Баклажаны,Овощи,2,veggie_stew
B265,I111,Итальянские травы,Специи,1,veggie_stew
B265,I120,Газированная вода,Напитки,2,veggie_stew
B266,I005,Сметана 20%,Молочные продукты,1,borsch_soup
B266,I016,Хлеб ржаной,Хлеб,2,borsch_soup
B266,I024,Яйца перепелиные,Бакалея,1,borsch_soup
B266,I030,Говядина стейк,Мясо и птица,1,borsch_soup
B266,I042,Картофель,Овощи,1,borsch_soup
B266,I043,Морковь,Овощи,1,borsch_soup
B266,I044,Лук репчатый,Овощи,1,borsch_soup
B266,I045,Чеснок,Овощи,1,borsch_soup
B266,I050,Свекла,Овощи,1,borsch_soup
B266,I133,Печенье овсяное,Сладости,2,borsch_soup
B267,I036,Лосось филе,Рыба,1,fish_dinner
B267,I042,Картофель,Овощи,1,fish_dinner
B267,I047,Огурцы,Овощи,1,fish_dinner
B267,I067,Лимоны,Фрукты,2,fish_dinner
B267,I089,Оливковое масло,Бакалея,1,fish_dinner
B267,I109,Черный перец,Специи,1,fish_dinner
B268,I006,Сыр гауда,Молочные продукты,1,breakfast_basic
B268,I007,Сливочное масло,Молочные продукты,1,breakfast_basic
B268,I015,Хлеб пшеничный,Хлеб,1,breakfast_basic
B268,I065,Бананы,Фрукты,2,breakfast_basic
B268,I084,Овсяные хлопья,Бакалея,1,breakfast_basic
B268,I115,Кофе молотый,Напитки,1,breakfast_basic
B269,I015,Хлеб пшеничный,Хлеб,1,fish_dinner
B269,I036,Лосось филе,Рыба,1,fish_dinner
B269,I047,Огурцы,Овощи,3,fish_dinner
B269,I052,Шпинат,Овощи,1,fish_dinner
B269,I067,Лимоны,Фрукты,1,fish_dinner
B269,I076,Рис длиннозерный,Бакалея,1,fish_dinner
B269,I089,Оливковое масло,Бакалея,1,fish_dinner
B269,I092,Панировочные сухари,Бакалея,1,fish_dinner
B269,I115,Кофе молотый,Напитки,1,fish_dinner
B269,I156,Средство для посуды,Бытовая химия,1,fish_dinner
B270,I001,Молоко 2.5%,Молочные продукты,1,tea_sweets
B270,I021,Круассаны,Хлеб,1,tea_sweets
B270,I067,Лимоны,Фрукты,1,tea_sweets
B270,I084,Овсяные хлопья,Бакалея,1,tea_sweets
B270,I113,Чай черный,Напитки,1,tea_sweets
B270,I115,Кофе молотый,Напитки,1,tea_sweets
B270,I131,Шоколад молочный,Сладости,1,tea_sweets
B270,I133,Печенье овсяное,Сладости,1,tea_sweets
B270,I134,Вафли,Сладости,1,tea_sweets
B270,I136,Джем клубничный,Сладости,1,tea_sweets
B271,I001,Молоко 2.5%,Молочные продукты,1,big_family_stock
B271,I017,Батон нарезной,Хлеб,1,big_family_stock
B271,I023,Яйца C1 10 шт,Бакалея,1,big_family_stock
B271,I026,Куриные бедра,Мясо и птица,1,big_family_stock
B271,I027,Фарш говяжий,Мясо и птица,1,big_family_stock
B271,I042,Картофель,Овощи,1,big_family_stock
B271,I043,Морковь,Овощи,1,big_family_stock
B271,I044,Лук репчатый,Овощи,1,big_family_stock
B271,I059,Зеленый лук,Овощи,1,big_family_stock
B271,I061,Петрушка,Овощи,1,big_family_stock
B271,I078,Гречка,Бакалея,1,big_family_stock
B271,I082,Макароны пенне,Бакалея,1,big_family_stock
B271,I086,Сахар,Бакалея,1,big_family_stock
B271,I097,Фасоль консервированная,Консервы,1,big_family_stock
B271,I113,Чай черный,Напитки,1,big_family_stock
B271,I115,Кофе молотый,Напитки,1,big_family_stock
B271,I158,Бумажные полотенца,Дом,1,big_family_stock
B271,I159,Туалетная бумага,Дом,1,big_family_stock
B272,I001,Молоко 2.5%,Молочные продукты,2,baking_sweet
B272,I007,Сливочное масло,Молочные продукты,1,baking_sweet
B272,I023,Яйца C1 10 шт,Бакалея,2,baking_sweet
B272,I086,Сахар,Бакалея,1,baking_sweet
B272,I093,Разрыхлитель теста,Бакалея,1,baking_sweet
B272,I094,Ванильный сахар,Бакалея,1,baking_sweet
B272,I095,Какао порошок,Бакалея,1,baking_sweet
B272,I120,Газированная вода,Напитки,6,baking_sweet
B272,I132,Шоколад темный,Сладости,1,baking_sweet
B273,I023,Яйца C1 10 шт,Бакалея,1,baking_sweet
B273,I085,Мука пшеничная,Бакалея,1,baking_sweet
B273,I086,Сахар,Бакалея,1,baking_sweet
B273,I093,Разрыхлитель теста,Бакалея,1,baking_sweet
B273,I094,Ванильный сахар,Бакалея,1,baking_sweet
B273,I095,Какао порошок,Бакалея,1,baking_sweet
B273,I132,Шоколад темный,Сладости,2,baking_sweet
B274,I001,Молоко 2.5%,Молочные продукты,1,baking_sweet
B274,I023,Яйца C1 10 шт,Бакалея,1,baking_sweet
B274,I059,Зеленый лук,Овощи,1,baking_sweet
B274,I081,Макароны спагетти,Бакалея,1,baking_sweet
B274,I085,Мука пшеничная,Бакалея,1,baking_sweet
B274,I086,Сахар,Бакалея,1,baking_sweet
B274,I093,Разрыхлитель теста,Бакалея,1,baking_sweet
B274,I094,Ванильный сахар,Бакалея,1,baking_sweet
B274,I095,Какао порошок,Бакалея,1,baking_sweet
B274,I117,Сок яблочный,Напитки,1,baking_sweet
B274,I132,Шоколад темный,Сладости,1,baking_sweet
B275,I023,Яйца C1 10 шт,Бакалея,2,baking_sweet
B275,I086,Сахар,Бакалея,1,baking_sweet
B275,I093,Разрыхлитель теста,Бакалея,1,baking_sweet
B275,I094,Ванильный сахар,Бакалея,1,baking_sweet
B275,I095,Какао порошок,Бакалея,1,baking_sweet
B275,I132,Шоколад темный,Сладости,2,baking_sweet
B276,I036,Лосось филе,Рыба,1,sushi_home
B276,I041,Крабовые палочки,Рыба,1,sushi_home
B276,I047,Огурцы,Овощи,3,sushi_home
B276,I057,Авокадо,Овощи,2,sushi_home
B276,I059,Зеленый лук,Овощи,1,sushi_home
B276,I063,Имбирь,Овощи,2,sushi_home
B276,I077,Рис для суши,Бакалея,1,sushi_home
B276,I091,Нори,Бакалея,1,sushi_home
B276,I104,Соевый соус,Соусы,1,sushi_home
B276,I131,Шоколад молочный,Сладости,2,sushi_home
B277,I013,Йогурт греческий,Молочные продукты,1,healthy_breakfast
B277,I014,Молоко безлактозное,Молочные продукты,2,healthy_breakfast
B277,I071,Голубика,Фрукты,1,healthy_breakfast
B277,I084,Овсяные хлопья,Бакалея,1,healthy_breakfast
B277,I135,Мед,Сладости,1,healthy_breakfast
B277,I137,Орехи грецкие,Снэки,1,healthy_breakfast
B277,I143,Гранола,Завтраки,1,healthy_breakfast
B278,I046,Помидоры,Овощи,2,veggie_stew
B278,I048,Перец болгарский,Овощи,1,veggie_stew
B278,I053,Шампиньоны,Овощи,2,veggie_stew
B278,I054,Кабачки,Овощи,1,veggie_stew
B278,I055,Баклажаны,Овощи,1,veggie_stew
B278,I079,Булгур,Бакалея,1,veggie_stew
B278,I089,Оливковое масло,Бакалея,1,veggie_stew
B278,I111,Итальянские травы,Специи,1,veggie_stew
B278,I159,Туалетная бумага,Дом,1,veggie_stew
B279,I003,Йогурт натуральный,Молочные продукты,1,baby_care
B279,I065,Бананы,Фрукты,2,baby_care
B279,I119,Вода минеральная,Напитки,3,baby_care
B279,I133,Печенье овсяное,Сладости,1,baby_care
B279,I149,Детское пюре яблочное,Детские товары,1,baby_care
B279,I150,Детская каша,Детские товары,1,baby_care
B279,I151,Подгузники,Детские товары,1,baby_care
B280,I001,Молоко 2.5%,Молочные продукты,1,weekly_stock
B280,I006,Сыр гауда,Молочные продукты,1,weekly_stock
B280,I015,Хлеб пшеничный,Хлеб,2,weekly_stock
B280,I025,Куриное филе,Мясо и птица,1,weekly_stock
B280,I042,Картофель,Овощи,2,weekly_stock
B280,I044,Лук репчатый,Овощи,1,weekly_stock
B280,I057,Авокадо,Овощи,1,weekly_stock
B280,I064,Яблоки,Фрукты,2,weekly_stock
B280,I067,Лимоны,Фрукты,2,weekly_stock
B280,I088,Подсолнечное масло,Бакалея,1,weekly_stock
B280,I113,Чай черный,Напитки,1,weekly_stock
B280,I117,Сок яблочный,Напитки,1,weekly_stock
B280,I119,Вода минеральная,Напитки,2,weekly_stock
B280,I133,Печенье овсяное,Сладости,1,weekly_stock
B281,I025,Куриное филе,Мясо и птица,1,curry_dinner
B281,I051,Салат айсберг,Овощи,1,curry_dinner
B281,I056,Брокколи,Овощи,1,curry_dinner
B281,I060,Укроп,Овощи,1,curry_dinner
B281,I063,Имбирь,Овощи,1,curry_dinner
B281,I067,Лимоны,Фрукты,1,curry_dinner
B281,I076,Рис длиннозерный,Бакалея,1,curry_dinner
B281,I090,Кокосовое молоко,Бакалея,1,curry_dinner
B281,I108,Карри паста,Соусы,1,curry_dinner
B281,I119,Вода минеральная,Напитки,1,curry_dinner
B281,I121,Квас,Напитки,4,curry_dinner
B282,I001,Молоко 2.5%,Молочные продукты,1,tea_sweets
B282,I043,Морковь,Овощи,3,tea_sweets
B282,I100,Оливки,Консервы,1,tea_sweets
B282,I113,Чай черный,Напитки,1,tea_sweets
B282,I133,Печенье овсяное,Сладости,1,tea_sweets
B282,I136,Джем клубничный,Сладости,1,tea_sweets
B283,I061,Петрушка,Овощи,1,frozen_quick
B283,I067,Лимоны,Фрукты,1,frozen_quick
B283,I097,Фасоль консервированная,Консервы,1,frozen_quick
B283,I099,Горошек консервированный,Консервы,1,frozen_quick
B283,I102,Кетчуп,Соусы,1,frozen_quick
B283,I120,Газированная вода,Напитки,2,frozen_quick
B283,I123,Мороженое ванильное,Заморозка,2,frozen_quick
B283,I124,Пельмени,Заморозка,1,frozen_quick
B283,I125,Вареники с картофелем,Заморозка,1,frozen_quick
B284,I001,Молоко 2.5%,Молочные продукты,2,kids_breakfast
B284,I003,Йогурт натуральный,Молочные продукты,1,kids_breakfast
B284,I064,Яблоки,Фрукты,1,kids_breakfast
B284,I065,Бананы,Фрукты,3,kids_breakfast
B284,I117,Сок яблочный,Напитки,1,kids_breakfast
B284,I119,Вода минеральная,Напитки,2,kids_breakfast
B284,I142,Хлопья кукурузные,Завтраки,1,kids_breakfast
B284,I149,Детское пюре яблочное,Детские товары,1,kids_breakfast
B284,I150,Детская каша,Детские товары,1,kids_breakfast
B284,I160,Пакеты для мусора,Дом,1,kids_breakfast
B285,I003,Йогурт натуральный,Молочные продукты,1,fruit_snack
B285,I064,Яблоки,Фрукты,1,fruit_snack
B285,I065,Бананы,Фрукты,3,fruit_snack
B285,I066,Апельсины,Фрукты,1,fruit_snack
B285,I067,Лимоны,Фрукты,1,fruit_snack
B285,I068,Груши,Фрукты,1,fruit_snack
B285,I069,Виноград,Фрукты,1,fruit_snack
B285,I106,Горчица,Соусы,1,fruit_snack
B285,I119,Вода минеральная,Напитки,3,fruit_snack
B285,I133,Печенье овсяное,Сладости,1,fruit_snack
B285,I137,Орехи грецкие,Снэки,2,fruit_snack
B285,I156,Средство для посуды,Бытовая химия,1,fruit_snack
B286,I006,Сыр гауда,Молочные продукты,1,breakfast_basic
B286,I007,Сливочное масло,Молочные продукты,1,breakfast_basic
B286,I015,Хлеб пшеничный,Хлеб,2,breakfast_basic
B286,I037,Треска филе,Рыба,1,breakfast_basic
B286,I065,Бананы,Фрукты,3,breakfast_basic
B286,I084,Овсяные хлопья,Бакалея,1,breakfast_basic
B287,I001,Молоко 2.5%,Молочные продукты,1,baby_care
B287,I003,Йогурт натуральный,Молочные продукты,1,baby_care
B287,I065,Бананы,Фрукты,1,baby_care
B287,I119,Вода минеральная,Напитки,2,baby_care
B287,I149,Детское пюре яблочное,Детские товары,1,baby_care
B287,I150,Детская каша,Детские товары,1,baby_care
B287,I151,Подгузники,Детские товары,1,baby_care
B287,I152,Влажные салфетки,Детские товары,1,baby_care
B288,I014,Молоко безлактозное,Молочные продукты,2,healthy_breakfast
B288,I065,Бананы,Фрукты,2,healthy_breakfast
B288,I071,Голубика,Фрукты,1,healthy_breakfast
B288,I135,Мед,Сладости,2,healthy_breakfast
B288,I137,Орехи грецкие,Снэки,2,healthy_breakfast
B288,I149,Детское пюре яблочное,Детские товары,1,healthy_breakfast
B289,I001,Молоко 2.5%,Молочные продукты,3,baby_care
B289,I003,Йогурт натуральный,Молочные продукты,1,baby_care
B289,I065,Бананы,Фрукты,1,baby_care
B289,I149,Детское пюре яблочное,Детские товары,1,baby_care
B289,I150,Детская каша,Детские товары,1,baby_care
B289,I151,Подгузники,Детские товары,1,baby_care
B289,I152,Влажные салфетки,Детские товары,1,baby_care
B290,I018,Лаваш,Хлеб,1,bbq_picnic
B290,I023,Яйца C1 10 шт,Бакалея,1,bbq_picnic
B290,I026,Куриные бедра,Мясо и птица,1,bbq_picnic
B290,I029,Свинина для жарки,Мясо и птица,1,bbq_picnic
B290,I040,Сельдь слабосоленая,Рыба,1,bbq_picnic
B290,I042,Картофель,Овощи,2,bbq_picnic
B290,I043,Морковь,Овощи,3,bbq_picnic
B290,I046,Помидоры,Овощи,1,bbq_picnic
B290,I047,Огурцы,Овощи,3,bbq_picnic
B290,I048,Перец болгарский,Овощи,2,bbq_picnic
B290,I104,Соевый соус,Соусы,1,bbq_picnic
B290,I120,Газированная вода,Напитки,2,bbq_picnic
B290,I158,Бумажные полотенца,Дом,1,bbq_picnic
B291,I152,Влажные салфетки,Детские товары,1,household_cleaning
B291,I156,Средство для посуды,Бытовая химия,1,household_cleaning
B291,I157,Порошок стиральный,Бытовая химия,1,household_cleaning
B291,I158,Бумажные полотенца,Дом,1,household_cleaning
B291,I159,Туалетная бумага,Дом,2,household_cleaning
B291,I160,Пакеты для мусора,Дом,1,household_cleaning
B292,I023,Яйца C1 10 шт,Бакалея,1,big_family_stock
B292,I026,Куриные бедра,Мясо и птица,1,big_family_stock
B292,I027,Фарш говяжий,Мясо и птица,1,big_family_stock
B292,I042,Картофель,Овощи,2,big_family_stock
B292,I052,Шпинат,Овощи,1,big_family_stock
B292,I059,Зеленый лук,Овощи,2,big_family_stock
B292,I061,Петрушка,Овощи,1,big_family_stock
B292,I064,Яблоки,Фрукты,2,big_family_stock
B292,I067,Лимоны,Фрукты,2,big_family_stock
B292,I078,Гречка,Бакалея,1,big_family_stock
B292,I084,Овсяные хлопья,Бакалея,1,big_family_stock
B292,I086,Сахар,Бакалея,1,big_family_stock
B292,I097,Фасоль консервированная,Консервы,1,big_family_stock
B292,I113,Чай черный,Напитки,1,big_family_stock
B292,I117,Сок яблочный,Напитки,1,big_family_stock
B292,I157,Порошок стиральный,Бытовая химия,1,big_family_stock
B292,I158,Бумажные полотенца,Дом,1,big_family_stock
B293,I023,Яйца C1 10 шт,Бакалея,1,russian_salads
B293,I033,Колбаса докторская,Мясо и птица,1,russian_salads
B293,I042,Картофель,Овощи,1,russian_salads
B293,I047,Огурцы,Овощи,3,russian_salads
B293,I060,Укроп,Овощи,1,russian_salads
B293,I069,Виноград,Фрукты,1,russian_salads
B293,I099,Горошек консервированный,Консервы,1,russian_salads
B293,I103,Майонез,Соусы,1,russian_salads
B293,I156,Средство для посуды,Бытовая химия,1,russian_salads
B294,I001,Молоко 2.5%,Молочные продукты,3,fish_dinner
B294,I023,Яйца C1 10 шт,Бакалея,2,fish_dinner
B294,I036,Лосось филе,Рыба,1,fish_dinner
B294,I047,Огурцы,Овощи,2,fish_dinner
B294,I052,Шпинат,Овощи,1,fish_dinner
B294,I065,Бананы,Фрукты,1,fish_dinner
B294,I067,Лимоны,Фрукты,1,fish_dinner
B294,I089,Оливковое масло,Бакалея,1,fish_dinner
B294,I109,Черный перец,Специи,1,fish_dinner
B294,I119,Вода минеральная,Напитки,6,fish_dinner
B294,I123,Мороженое ванильное,Заморозка,1,fish_dinner
B294,I158,Бумажные полотенца,Дом,1,fish_dinner
B295,I005,Сметана 20%,Молочные продукты,1,pets_home
B295,I046,Помидоры,Овощи,1,pets_home
B295,I115,Кофе молотый,Напитки,1,pets_home
B295,I119,Вода минеральная,Напитки,4,pets_home
B295,I154,Корм для собак,Зоотовары,1,pets_home
B295,I155,Наполнитель для кошачьего туалета,Зоотовары,1,pets_home
B295,I156,Средство для посуды,Бытовая химия,1,pets_home
B295,I158,Бумажные полотенца,Дом,1,pets_home
B295,I160,Пакеты для мусора,Дом,1,pets_home
B296,I009,Моцарелла,Молочные продукты,1,sushi_home
B296,I022,Хлебцы ржаные,Хлеб,1,sushi_home
B296,I036,Лосось филе,Рыба,1,sushi_home
B296,I041,Крабовые палочки,Рыба,1,sushi_home
B296,I047,Огурцы,Овощи,2,sushi_home
B296,I057,Авокадо,Овощи,2,sushi_home
B296,I104,Соевый соус,Соусы,1,sushi_home
B296,I120,Газированная вода,Напитки,4,sushi_home
B297,I006,Сыр гауда,Молочные продукты,1,curry_dinner
B297,I025,Куриное филе,Мясо и птица,1,curry_dinner
B297,I045,Чеснок,Овощи,1,curry_dinner
B297,I053,Шампиньоны,Овощи,2,curry_dinner
B297,I056,Брокколи,Овощи,1,curry_dinner
B297,I057,Авокадо,Овощи,1,curry_dinner
B297,I063,Имбирь,Овощи,1,curry_dinner
B297,I067,Лимоны,Фрукты,1,curry_dinner
B297,I076,Рис длиннозерный,Бакалея,1,curry_dinner
B297,I090,Кокосовое молоко,Бакалея,1,curry_dinner
B297,I108,Карри паста,Соусы,1,curry_dinner
B298,I018,Лаваш,Хлеб,1,bbq_picnic
B298,I026,Куриные бедра,Мясо и птица,1,bbq_picnic
B298,I029,Свинина для жарки,Мясо и птица,1,bbq_picnic
B298,I046,Помидоры,Овощи,2,bbq_picnic
B298,I047,Огурцы,Овощи,1,bbq_picnic
B298,I102,Кетчуп,Соусы,1,bbq_picnic
B298,I139,Чипсы картофельные,Снэки,1,bbq_picnic
B298,I158,Бумажные полотенца,Дом,1,bbq_picnic
B299,I001,Молоко 2.5%,Молочные продукты,3,salad_light
B299,I015,Хлеб пшеничный,Хлеб,2,salad_light
B299,I039,Тунец консервированный,Рыба,1,salad_light
B299,I047,Огурцы,Овощи,1,salad_light
B299,I048,Перец болгарский,Овощи,1,salad_light
B299,I051,Салат айсберг,Овощи,2,salad_light
B299,I053,Шампиньоны,Овощи,1,salad_light
B299,I057,Авокадо,Овощи,1,salad_light
B299,I070,Клубника,Фрукты,1,salad_light
B299,I088,Подсолнечное масло,Бакалея,1,salad_light
B299,I131,Шоколад молочный,Сладости,1,salad_light
B299,I159,Туалетная бумага,Дом,2,salad_light
B300,I006,Сыр гауда,Молочные продукты,1,burger_night
B300,I019,Булочки для бургеров,Хлеб,2,burger_night
B300,I027,Фарш говяжий,Мясо и птица,1,burger_night
B300,I102,Кетчуп,Соусы,1,burger_night
B300,I106,Горчица,Соусы,1,burger_night
B300,I108,Карри паста,Соусы,1,burger_night
B300,I129,Картофель фри замороженный,Заморозка,1,burger_night
